oid,icao,variant_label,manufacturer,name,mtow_kg,engine_count,engine,engine_name,max_shp_per_engine,is_default
1,EN28,280C,ENSTROM,280 Shark,900.0,1,HIO-360,HIO-360,190,1
2,H269,269C,BREDANARDI,NH-300,900.0,1,HIO-360,HIO-360,190,1
3,R22,R22_BETA,ROBINSON,ELI Yo-Yo,600.0,1,O-320-B2C,O-320-B2C,180,1
4,R44,R44_RAVEN,ROBINSON,R-44 Astro,1100.0,1,HIO-540,HIO-540,245,1
5,A119,KOALA,AGUSTAWESTLAND,A-119 Koala,2800.0,1,PT6B-37,PT6B-37,900,1
6,A169,AW169,AGUSTAWESTLAND,AW-169,4500.0,2,PW210A,PW210A,1100,1
7,A189,AW189,AGUSTAWESTLAND,AW-189,8000.0,2,CT7-2E1,CT7-2E1,2000,1
8,AS3B,AS332L2_MK2,AEROSPATIALE,AS-332L2 Super Puma Mk2,7600.0,2,MAKILA 1A2,MAKILA 1A2,1845,1
9,AS50,AS350B2,AEROSPATIALE,AS-350 AStar,2100.0,1,ARRIEL 1D1,ARRIEL 1D1,732,1
10,AS55,AS355N,AEROSPATIALE,AS-355 Ecureuil 2,2600.0,2,ARRIEL 1D1,ARRIEL 1D1,712,1
11,AS65,AS365N1,AEROSPATIALE,AS-365 Dauphin 2,4000.0,2,ARRIEL 1C1,ARRIEL 1C1,700,1
12,S76,S76B,KEYSTONE,S-76,5300.0,2,PT6B-36A,PT6B-36A,981,1
13,A109,A109E_POWER,AGUSTA,AW-109 Da Vinci,2800.0,2,PW206C,PW206C,550,1
14,AS32,AS332L1,AEROSPATIALE,AS-332B1 Super Puma,7600.0,2,MAKILA 1A1,MAKILA 1A1,1820,1
15,B06,B206B,AGUSTA,AB-206 JetRanger,1400.0,1,DDA250-C20J,DDA250-C20J,420,1
16,B105,BO105_CB,BOLKOW,BO-105,2500.0,2,DDA250-C20B,DDA250-C20B,420,1
17,B212,B212,AGUSTA,AB-212,5000.0,2,PT6T-3,PT6T-3,1800,1
18,B230,B230,BELL,230,3800.0,2,DDA250-C30,DDA250-C30,700,1
19,B407,B407,BELL,407,2500.0,1,DDA250-C47B,DDA250-C47B,650,1
20,B427,B427,BELL,427,2900.0,2,PW207D,PW207D,572,1
21,B429,B429_GLOBAL_RANGER,BELL,429 GlobalRanger,3100.0,2,PW207D1,PW207D1,625,1
22,B505,JET_RANGER_X,BELL,505 Jet Ranger X,2000.0,1,ARRIUS 2R,ARRIUS 2R,505,1
23,BK17,BK117_C1,CASA,BK-117,3300.0,2,ARRIEL 1E2,ARRIEL 1E2,738,1
24,EC20,EC120,EUROCOPTER,HELICOPTERS EC-120 Colibri,1700.0,1,ARRIUS 2F,ARRIUS 2F,432,1
25,EC25,EC725_CARACAL,EUROCOPTER,HELICOPTERS EC-725 Cougar Mk2+,11200.0,2,MAKILA 2A1,MAKILA 2A1,2100,1
26,EC30,EC130_B4,EUROCOPTER,HELICOPTERS EC-130,2400.0,1,ARRIEL 2B1,ARRIEL 2B1,848,1
27,EC35,EC135_T1,EUROCOPTER,HELICOPTERS EC-135,2700.0,2,ARRIUS 2B1,ARRIUS 2B1,633,1
28,EC45,EC145_BK117C2,EUROCOPTER-KAWASAKI,HELICOPTERS-KAWASAKI BK-117C-2,3600.0,2,ARRIEL 1E2,ARRIEL 1E2,738,1
29,EC55,EC155_B1,EUROCOPTER,HELICOPTERS EC-155,4800.0,2,ARRIEL 2C2,ARRIEL 2C2,944,1
30,EC75,EC175_H175,EUROCOPTER-HARBIN,HELICOPTERS-HARBIN EC-175,7000.0,2,PT6C-67E,PT6C-67E,1800,1
31,EXPL,MD902_EXPLORER,BOEING,MD-902 Explorer,3100.0,2,PW207E,PW207E,640,1
32,H500,HUGHES_500,AGUSTA,NH-500,1700.0,1,DDA250-C18,DDA250-C18,317,1
33,MI2,MI2,MIL,Mi-2,3500.0,2,GTD-350,GTD-350,400,1
34,MI26,MI26,MIL,Mi-26,56000.0,2,D-136,D-136,11400,1
35,MI8,MI8T,MIL,Mi-8,13000.0,2,TV2-117,TV2-117,1500,1
36,S360,DAUPHIN,AEROSPATIALE,SA-360 Dauphin,3000.0,1,ASTAZOU XVIIIA,ASTAZOU XVIIIA,1050,1
37,S61,S61_SEAKING,AGUSTA,AS-61A,5300.0,2,T58-GE-10,T58-GE-10,1500,1
38,S92,S92A,SIKORSKY,S-92 Helibus,12000.0,2,GE CT7-8A,GE CT7-8A,2740,1
39,A139,AW139,AGUSTAWESTLAND,AW-139,7000.0,2,PT6C-67C,PT6C-67C,1531,1
40,B412,B412,BELL,Bell 412,5400.0,2,PT6T-3,PT6T-3,1800,1
41,G2CA,CABRI_G2,GUIMBAL,G-2 Cabri,700.0,1,O-360-J2A,O-360-J2A,160,1
42,H160,H160,AIRBUS,H-160,6050.0,2,ARRANO 1A,ARRANO 1A,1300,1
43,A109,A109_PW207C,AGUSTA,AW-109 Da Vinci,2800.0,2,PW207C,PW207C,572,0
44,A109,A109K2,AGUSTA,AW-109 Da Vinci,2720.0,2,ARRIEL1K1,ARRIEL1K1,738,0
45,A109,A109II,AGUSTA,AW-109 Da Vinci,2600.0,2,DDA250-C20B,DDA250-C20B,420,0
46,A109,A109_POWER,AGUSTA,AW-109 Da Vinci,2850.0,2,ARRIUS 2K,ARRIUS 2K,670,0
47,AS50,AS350,AEROSPATIALE,AS-350 AStar,1950.0,1,ARRIEL 1B,ARRIEL 1B,641,0
48,AS50,AS350B3,AEROSPATIALE,AS-350 AStar,2250.0,1,ARRIEL 2B,ARRIEL 2B,848,0
49,AS50,AS350B3_ASTAR,AEROSPATIALE,AS-350 AStar,2370.0,1,ARRIEL 2D,ARRIEL 2D,952,0
50,AS65,AS365C1,AEROSPATIALE,AS-365 Dauphin 2,3850.0,2,ARRIEL 1A1,ARRIEL 1A1,641,0
51,AS65,AS365N,AEROSPATIALE,AS-365 Dauphin 2,3950.0,2,ARRIEL 1C,ARRIEL 1C,660,0
52,AS65,AS365N3,AEROSPATIALE,AS-365 Dauphin 2,4300.0,2,ARRIEL 2C,ARRIEL 2C,839,0
53,B06,B206L_C30P,AGUSTA,AB-206 JetRanger,1882.0,1,DDA250-C30P,DDA250-C30P,650,0
54,B06,B206L_C30,AGUSTA,AB-206 JetRanger,2018.0,1,DDA250-C30,DDA250-C30,650,0
55,BK17,BK117B,CASA,BK-117,3200.0,2,LTS101-750C.1,LTS101-750C.1,727,0
56,EC35,EC135_T2,EUROCOPTER,HELICOPTERS EC-135,2910.0,2,ARRIUS 2B2,ARRIUS 2B2,633,0
57,EC55,EC155_B,EUROCOPTER,HELICOPTERS EC-155,4800.0,2,ARRIEL 2C1,ARRIEL 2C1,839,0
58,MI8,MI17,MIL,Mi-8,13000.0,2,TV3-117VMA,TV3-117VMA,2200,0
59,S76,S76C_PLUS,KEYSTONE,S-76,5307.0,2,ARRIEL 2S1,ARRIEL 2S1,856,0
60,S76,S76C_PLUSPLUS,KEYSTONE,S-76,5307.0,2,ARRIEL 2S2,ARRIEL 2S2,856,0
