oid,profile_id,arrival_departure,stage,point,weight_lbs,horizontal_feet,vertical_feet,tas_knots,weight_kgs,horizontal_metres,vertical_metres,tas_metres,power,mode,course
0,A320-232-U_APP,A,1,1,130954.50010981722,-149751.31,6000.0,278.35,59399.962066977256,-45644.199288,1828.8000000000002,143.19561111111113,533.14,AP,IMPACT trajectory
1,A320-232-U_APP,A,1,2,130954.50010981722,-113581.41,4231.0,271.09,59399.962066977256,-34619.613768,1289.6088,139.46074444444443,500.64,AP,IMPACT trajectory
2,A320-232-U_APP,A,1,3,130954.50010981722,-94074.1383069023,3276.9365977052025,267.09952952994496,59399.962066977256,-28673.79735594382,998.8102749805457,137.40786908040502,482.19704605643034,AP,IMPACT trajectory
3,A320-232-U_APP,A,1,4,130954.50010981722,-90471.1796127024,3100.7227691290486,266.355956017871,59399.962066977256,-27575.615545951692,945.1003000305341,137.02534181808252,478.7129345496379,AP,IMPACT trajectory
4,A320-232-U_APP,A,1,5,130954.50010981722,-88411.75,3000.0,265.93,59399.962066977256,-26947.901400000002,914.4000000000001,136.8062111111111,476.71,AP,IMPACT trajectory
5,A320-232-U_APP,A,1,6,130954.50010981722,-87411.75,3000.0,263.82,59399.962066977256,-26643.1014,914.4000000000001,135.72073333333333,450.59,AP,IMPACT trajectory
6,A320-232-U_APP,A,1,7,130954.50010981722,-86867.72981974077,3000.0,262.66767408487846,59399.962066977256,-26477.284049056987,914.4000000000001,135.1279256681097,450.59,AP,IMPACT trajectory
7,A320-232-U_APP,A,1,8,130954.50010981722,-83265.8657925666,3000.0,254.9069387106929,59399.962066977256,-25379.435893574304,914.4000000000001,131.13545847005645,450.59,AP,IMPACT trajectory
8,A320-232-U_APP,A,1,9,130954.50010981722,-80204.49,3000.0,248.12,59399.962066977256,-24446.328552000003,914.4000000000001,127.64395555555555,450.59,AP,IMPACT trajectory
9,A320-232-U_APP,A,1,10,130954.50010981722,-79661.63936978906,3000.0,246.89705531367275,59399.962066977256,-24280.867679911706,914.4000000000001,127.01481845581165,450.59,AP,IMPACT trajectory
10,A320-232-U_APP,A,1,11,130954.50010981722,-76061.21752503165,3000.0,238.6273709320291,59399.962066977256,-23183.459101629647,914.4000000000001,122.76052526836608,450.59,AP,IMPACT trajectory
11,A320-232-U_APP,A,1,12,130954.50010981722,-73439.26,3000.0,232.42,59399.962066977256,-22384.286448,914.4000000000001,119.56717777777777,450.59,AP,IMPACT trajectory
12,A320-232-U_APP,A,1,13,130954.50010981722,-72456.99110230007,3000.0,230.0528692419603,59399.962066977256,-22084.890887981062,914.4000000000001,118.3494205100307,450.59,AP,IMPACT trajectory
13,A320-232-U_APP,A,1,14,130954.50010981722,-68855.12707512591,3000.0,221.15619655958037,59399.962066977256,-20987.04273249838,914.4000000000001,113.77257667453968,450.59,AP,IMPACT trajectory
14,A320-232-U_APP,A,1,15,130954.50010981722,-67116.07,3000.0,216.73,59399.962066977256,-20456.978136,914.4000000000001,111.49554444444443,450.59,AP,IMPACT trajectory
15,A320-232-U_APP,A,1,16,130954.50010981722,-65251.68435642113,3000.0,211.878924289382,59399.962066977256,-19888.713391837162,914.4000000000001,108.99993549553763,450.59,AP,IMPACT trajectory
16,A320-232-U_APP,A,1,17,130954.50010981722,-61648.715700509594,3000.0,202.17454944087757,59399.962066977256,-18790.528545515324,914.4000000000001,104.00757376791812,450.59,AP,IMPACT trajectory
17,A320-232-U_APP,A,1,18,130954.50010981722,-61234.91,3000.0,201.03,59399.962066977256,-18664.400568,914.4000000000001,103.41876666666667,450.59,AP,IMPACT trajectory
18,A320-232-U_APP,A,1,19,130954.50010981722,-60234.91,3000.0,198.22,59399.962066977256,-18359.600568,914.4000000000001,101.97317777777778,417.9,AP,IMPACT trajectory
19,A320-232-U_APP,A,1,20,130954.50010981722,-57243.44,3000.0,189.58,59399.962066977256,-17447.800512,914.4000000000001,97.52837777777779,417.9,AP,IMPACT trajectory
20,A320-232-U_APP,A,1,21,130954.50010981722,-56243.44,2947.51,188.39,59399.962066977256,-17143.000512000002,898.4010480000001,96.91618888888888,235.08,AP,IMPACT trajectory
21,A320-232-U_APP,A,1,22,130954.50010981722,-46577.1,2440.94,176.62,59399.962066977256,-14196.70008,743.998512,90.86117777777777,230.29,AP,IMPACT trajectory
22,A320-232-U_APP,A,1,23,130954.50010981722,-45577.1,2388.45,173.81,59399.962066977256,-13891.90008,727.99956,89.41558888888889,306.54,AP,IMPACT trajectory
23,A320-232-U_APP,A,1,24,130954.50010981722,-41036.7,2150.59,160.42,59399.962066977256,-12507.98616,655.4998320000001,82.52717777777777,303.71,AP,IMPACT trajectory
24,A320-232-U_APP,A,1,25,130954.50010981722,-36872.05,1932.41,147.03,59399.962066977256,-11238.600840000001,588.9985680000001,75.63876666666667,300.87,AP,IMPACT trajectory
25,A320-232-U_APP,A,1,26,130954.50010981722,-35872.05,1879.92,146.06,59399.962066977256,-10933.800840000002,572.9996160000001,75.13975555555555,765.0,AP,IMPACT trajectory
26,A320-232-U_APP,A,1,27,130954.50010981722,-30467.85,1596.78,140.71,59399.962066977256,-9286.60068,486.698544,72.38747777777778,755.66,AP,IMPACT trajectory
27,A320-232-U_APP,A,1,28,130954.50010981722,-29470.11475162695,1544.4088768128986,140.60024921991004,59399.962066977256,-8982.490976295894,470.7358256525715,72.33101709868706,5005.541527249322,AP,IMPACT trajectory
28,A320-232-U_APP,A,1,29,130954.50010981722,-29467.85,1544.29,140.6,59399.962066977256,-8981.80068,470.699592,72.33088888888888,5011.09,AP,IMPACT trajectory
29,A320-232-U_APP,A,1,30,130954.50010981722,-18903.59,990.65,139.43,59399.962066977256,-5761.814232000001,301.95012,71.72898888888889,4911.33,AP,IMPACT trajectory
30,A320-232-U_APP,A,1,31,130954.50010981722,-12977.95,680.11,138.77,59399.962066977256,-3955.6791600000006,207.29752800000003,71.38945555555556,4854.48,AP,IMPACT trajectory
31,A320-232-U_APP,A,1,32,130954.50010981722,-8982.83,470.73,138.32,59399.962066977256,-2737.9665840000002,143.47850400000002,71.15795555555555,4815.77,AP,IMPACT trajectory
32,A320-232-U_APP,A,1,33,130954.50010981722,-6217.565090910681,325.8151859504132,138.0134164504905,59399.962066977256,-1895.1138397095756,99.30846867768595,71.00023535175234,4788.794159968337,AP,IMPACT trajectory
33,A320-232-U_APP,A,1,34,130954.50010981722,-6006.61,314.76,137.99,59399.962066977256,-1830.814728,95.93884800000001,70.98818888888889,4786.73,AP,IMPACT trajectory
34,A320-232-U_APP,A,1,35,130954.50010981722,-4016.605906667536,210.4663880597015,137.76231963749666,59399.962066977256,-1224.2614803522652,64.15015508059702,70.87105999128995,4767.212944952128,AP,IMPACT trajectory
35,A320-232-U_APP,A,1,36,130954.50010981722,-3647.08,191.1,137.72,59399.962066977256,-1111.629984,58.24728,70.84928888888889,4763.58,AP,IMPACT trajectory
36,A320-232-U_APP,A,1,37,130954.50010981722,-2214.49622186959,116.025,137.56119226248472,59399.962066977256,-674.9784484258511,35.36442,70.76759113058937,4749.4654932236435,AP,IMPACT trajectory
37,A320-232-U_APP,A,1,38,130954.50010981722,-1662.93,87.12,137.5,59399.962066977256,-506.86106400000006,26.554176000000002,70.73611111111111,4744.02,AP,IMPACT trajectory
38,A320-232-U_APP,A,1,39,130954.50010981722,-952.1,49.87,137.42,59399.962066977256,-290.20008,15.200376,70.69495555555555,4737.0,AP,IMPACT trajectory
39,A320-232-U_APP,A,1,40,130954.50010981722,0.0,0.0,134.77,59399.962066977256,0.0,0.0,69.33167777777778,4724.14,AP,IMPACT trajectory
40,A320-232-U_APP,A,1,41,130954.50010981722,304.13,0.0,131.8,59399.962066977256,92.698824,0.0,67.80377777777778,10000.0,AP,IMPACT trajectory
41,A320-232-U_APP,A,1,42,130954.50010981722,1318.41,0.0,114.42,59399.962066977256,401.85136800000004,0.0,58.86273333333333,8750.0,AP,IMPACT trajectory
42,A320-232-U_APP,A,1,43,130954.50010981722,2189.45,0.0,97.03,59399.962066977256,667.3443599999999,0.0,49.91654444444444,7500.0,AP,IMPACT trajectory
43,A320-232-U_APP,A,1,44,130954.50010981722,2917.24,0.0,79.64,59399.962066977256,889.174752,0.0,40.97035555555556,6250.0,AP,IMPACT trajectory
44,A320-232-U_APP,A,1,45,130954.50010981722,3501.78,0.0,62.26,59399.962066977256,1067.342544,0.0,32.029311111111106,5000.0,AP,IMPACT trajectory
45,A320-232-U_APP,A,1,46,130954.50010981722,3943.09,0.0,44.87,59399.962066977256,1201.853832,0.0,23.08312222222222,3750.0,AP,IMPACT trajectory
46,A320-232-U_APP,A,1,47,130954.50010981722,4241.14,0.0,27.48,59399.962066977256,1292.6994720000002,0.0,14.136933333333333,2500.0,AP,IMPACT trajectory
47,737400-U_DEP,D,2,1,121400.0001018049,0.0,0.0,0.02,55066.11376417793,0.0,0.0,0.010288888888888889,25000.0,TO,IMPACT trajectory
48,737400-U_DEP,D,2,2,121400.0001018049,69.33,0.0,18.4,55066.11376417793,21.131784,0.0,9.465777777777777,24548.19,TO,IMPACT trajectory
49,737400-U_DEP,D,2,3,121400.0001018049,277.03,0.0,36.78,55066.11376417793,84.438744,0.0,18.921266666666668,24096.38,TO,IMPACT trajectory
50,737400-U_DEP,D,2,4,121400.0001018049,623.11,0.0,55.16,55066.11376417793,189.92392800000002,0.0,28.376755555555555,23644.57,TO,IMPACT trajectory
51,737400-U_DEP,D,2,5,121400.0001018049,1107.55,0.0,73.54,55066.11376417793,337.58124,0.0,37.83224444444445,23192.76,TO,IMPACT trajectory
52,737400-U_DEP,D,2,6,121400.0001018049,1730.36,0.0,91.92,55066.11376417793,527.413728,0.0,47.287733333333335,22740.95,TO,IMPACT trajectory
53,737400-U_DEP,D,2,7,121400.0001018049,2491.54,0.0,110.3,55066.11376417793,759.4213920000001,0.0,56.74322222222222,22289.14,TO,IMPACT trajectory
54,737400-U_DEP,D,2,8,121400.0001018049,3391.1,0.0,128.68,55066.11376417793,1033.60728,0.0,66.19871111111111,21837.33,TO,IMPACT trajectory
55,737400-U_DEP,D,2,9,121400.0001018049,4429.02,0.0,147.06,55066.11376417793,1349.9652960000003,0.0,75.6542,21385.52,TO,IMPACT trajectory
56,737400-U_DEP,D,2,10,121400.0001018049,5605.31,0.0,165.44,55066.11376417793,1708.4984880000002,0.0,85.1096888888889,20933.71,TO,IMPACT trajectory
57,737400-U_DEP,D,2,11,121400.0001018049,5925.7,56.41,165.58,55066.11376417793,1806.15336,17.193768,85.18171111111111,20951.32,TO,IMPACT trajectory
58,737400-U_DEP,D,2,12,121400.0001018049,6308.1,123.75,165.75,55066.11376417793,1922.7088800000001,37.719,85.26916666666666,20972.32,TO,IMPACT trajectory
59,737400-U_DEP,D,2,13,121400.0001018049,6762.85,203.82,165.95,55066.11376417793,2061.3166800000004,62.124336,85.37205555555555,20997.27,TO,IMPACT trajectory
60,737400-U_DEP,D,2,14,121400.0001018049,7336.44,304.82,166.2,55066.11376417793,2236.146912,92.909136,85.50066666666666,21028.69,TO,IMPACT trajectory
61,737400-U_DEP,D,2,15,121400.0001018049,8106.41,440.4,166.54,55066.11376417793,2470.833768,134.23392,85.67557777777776,21070.8,TO,IMPACT trajectory
62,737400-U_DEP,D,2,16,121400.0001018049,9248.44,641.49,167.04,55066.11376417793,2818.9245120000005,195.52615200000002,85.93279999999999,21133.1,TO,IMPACT trajectory
63,737400-U_DEP,D,2,17,121400.0001018049,11284.45,1000.0,167.93,55066.11376417793,3439.5003600000005,304.8,86.39065555555555,21243.71,TO,IMPACT trajectory
64,737400-U_DEP,D,2,18,121400.0001018049,12138.869040924754,1043.1652499475183,171.439216395568,55066.11376417793,3699.927283673865,317.9567681840036,88.19595243460887,16654.24420457712,TO,IMPACT trajectory
65,737400-U_DEP,D,2,19,121400.0001018049,12284.45,1050.52,172.03,55066.11376417793,3744.3003600000006,320.19849600000003,88.49987777777778,15739.39,CL,IMPACT trajectory
66,737400-U_DEP,D,2,20,121400.0001018049,15741.82773522666,1225.4754925218992,185.562542692189,55066.11376417793,4798.109093697086,373.5249301206749,95.46161918498167,15761.56436797976,CL,IMPACT trajectory
67,737400-U_DEP,D,2,21,121400.0001018049,16376.26,1257.58,187.94,55066.11376417793,4991.484048,383.310384,96.68468888888889,15765.63,CL,IMPACT trajectory
68,737400-U_DEP,D,2,22,121400.0001018049,19345.270453978825,1407.8131876367747,198.6882621174149,55066.11376417793,5896.438434372746,429.101459591689,102.21407262262566,15783.128163586318,CL,IMPACT trajectory
69,737400-U_DEP,D,2,23,121400.0001018049,20829.78,1482.93,203.85,55066.11376417793,6348.916944,451.997064,104.8695,15791.87,CL,IMPACT trajectory
70,737400-U_DEP,D,2,24,121400.0001018049,22947.143544141403,1590.0697417936613,211.018782868712,55066.11376417793,6994.2893522543,484.65325729870796,108.5574405202374,15803.454706331808,CL,IMPACT trajectory
71,737400-U_DEP,D,2,25,121400.0001018049,25627.95,1725.72,219.76,55066.11376417793,7811.399160000001,525.999456,113.0543111111111,15818.11,CL,IMPACT trajectory
72,737400-U_DEP,D,2,26,121400.0001018049,26551.36996687691,1762.916715897411,223.55890123023775,55066.11376417793,8092.857565904083,537.3370150055309,115.00863474400009,15818.044916223633,CL,IMPACT trajectory
73,737400-U_DEP,D,2,27,121400.0001018049,30026.25,1902.89,237.31,55066.11376417793,9152.001,580.0008720000001,122.08281111111111,15817.8,CL,IMPACT trajectory
74,737400-U_DEP,D,2,28,121400.0001018049,30151.78474056594,1917.035676579032,237.36121689788015,55066.11376417793,9190.2639889245,584.312474221289,122.10915935968723,15822.823642324502,CL,IMPACT trajectory
75,737400-U_DEP,D,2,29,121400.0001018049,33756.01116329706,2323.1720262755807,238.82702001872735,55066.11376417793,10288.832202572943,708.102833608797,122.8632336318564,15966.38322591002,CL,IMPACT trajectory
76,737400-U_DEP,D,2,30,121400.0001018049,37357.875190471226,2729.0421732990717,240.2829294620205,55066.11376417793,11386.68035805563,831.8120544215571,123.61221815657277,16108.57061843336,CL,IMPACT trajectory
77,737400-U_DEP,D,2,31,121400.0001018049,39762.47,3000.0,241.25,55066.11376417793,12119.600856000001,914.4000000000001,124.10972222222222,16202.8,CL,IMPACT trajectory
78,737400-U_DEP,D,2,32,121400.0001018049,40961.324983392224,3041.234593658026,246.1185759522702,55066.11376417793,12485.011854937951,926.9683041469664,126.61433407322343,16199.716599109215,CL,IMPACT trajectory
79,737400-U_DEP,D,2,33,121400.0001018049,43117.32,3115.39,254.64,55066.11376417793,13142.159136,949.570872,130.99813333333333,16194.17,CL,IMPACT trajectory
80,737400-U_DEP,D,2,34,121400.0001018049,44564.284551773955,3165.16171978024,260.2089134095706,55066.11376417793,13583.193931380702,964.7412921890173,133.86302989847908,16190.630943904354,CL,IMPACT trajectory
81,737400-U_DEP,D,2,35,121400.0001018049,46649.28,3236.88,268.03,55066.11376417793,14218.700544000001,986.601024,137.88654444444444,16185.53,CL,IMPACT trajectory
82,737400-U_DEP,D,2,36,121400.0001018049,55949.04,4231.0,272.2,55066.11376417793,17053.267392,1289.6088,140.03177777777776,16479.18,CL,IMPACT trajectory
83,737400-U_DEP,D,2,37,121400.0001018049,67820.21,5500.0,277.43,55066.11376417793,20671.600008,1676.4,142.72232222222223,16846.58,CL,IMPACT trajectory
84,737400-U_DEP,D,2,38,121400.0001018049,87958.66,7500.0,286.12,55066.11376417793,26809.799568000002,2286.0,147.19284444444443,17307.95,CL,IMPACT trajectory
85,737400-U_DEP,D,2,39,121400.0001018049,115406.5,10000.0,297.57,55066.11376417793,35175.9012,3048.0,153.08323333333334,17884.66,CL,IMPACT trajectory
86,A380-841-DEFAULT,D,7,1,1066266.0008941607,0.0,0.0,0.0,483650.1223960045,0.0,0.0,0.0,71237.36936000001,TO,IMPACT trajectory
87,A380-841-DEFAULT,D,7,2,1066266.0008941607,78.22965542091691,0.0,18.45153879242777,483650.1223960045,23.844398972295476,0.0,9.492291623215618,69691.5352021307,TO,IMPACT trajectory
88,A380-841-DEFAULT,D,7,3,1066266.0008941607,312.91862168366765,0.0,36.90307758485554,483650.1223960045,95.3775958891819,0.0,18.984583246431235,68145.70104426141,TO,IMPACT trajectory
89,A380-841-DEFAULT,D,7,4,1066266.0008941607,704.0668987882523,0.0,55.35461637728331,483650.1223960045,214.5995907506593,0.0,28.476874869646856,66599.8668863921,TO,IMPACT trajectory
90,A380-841-DEFAULT,D,7,5,1066266.0008941607,1251.6744867346706,0.0,73.80615516971108,483650.1223960045,381.5103835567276,0.0,37.96916649286247,65054.032728522805,TO,IMPACT trajectory
91,A380-841-DEFAULT,D,7,6,1066266.0008941607,1955.7413855229229,0.0,92.25769396213884,483650.1223960045,596.1099743073869,0.0,47.4614581160781,63508.1985706535,TO,IMPACT trajectory
92,A380-841-DEFAULT,D,7,7,1066266.0008941607,2816.267595153009,0.0,110.7092327545666,483650.1223960045,858.3983630026372,0.0,56.953749739293706,61962.3644127842,TO,IMPACT trajectory
93,A380-841-DEFAULT,D,7,8,1066266.0008941607,3833.253115624929,0.0,129.1607715469944,483650.1223960045,1168.3755496424783,0.0,66.44604136250935,60416.5302549149,TO,IMPACT trajectory
94,A380-841-DEFAULT,D,7,9,1066266.0008941607,5006.697946938682,0.0,147.61231033942215,483650.1223960045,1526.0415342269105,0.0,75.93833298572494,58870.69609704559,TO,IMPACT trajectory
95,A380-841-DEFAULT,D,7,10,1066266.0008941607,6336.60208909427,0.0,166.0638491318499,483650.1223960045,1931.3963167559336,0.0,85.43062460894056,57324.86193917629,TO,IMPACT trajectory
96,A380-841-DEFAULT,D,7,11,1066266.0008941607,6723.889913370999,56.41492265696088,166.2038662568288,483650.1223960045,2049.4416455954806,17.19526842584168,85.50265564101304,57371.45433820902,TO,IMPACT trajectory
97,A380-841-DEFAULT,D,7,12,1066266.0008941607,6762.843894446438,62.08921885683661,166.2179428577334,483650.1223960045,2061.3148190272746,18.9247939075638,85.50989727014506,57376.138576326885,TO,IMPACT trajectory
98,A380-841-DEFAULT,D,7,13,1066266.0008941607,7186.136671378708,123.7488626023658,166.37082921447166,483650.1223960045,2190.3344574362304,37.718653321201096,85.58854880700042,57427.015136222486,TO,IMPACT trajectory
99,A380-841-DEFAULT,D,7,14,1066266.0008941607,7336.433376604924,145.64208120991617,166.4250801133499,483650.1223960045,2236.144893189181,44.39170635278245,85.61645788053445,57445.06881284863,TO,IMPACT trajectory
100,A380-841-DEFAULT,D,7,15,1066266.0008941607,7735.835518739228,203.82165605095545,166.56916191267769,483650.1223960045,2357.882666111717,62.124840764331225,85.69057996174419,57493.017544825845,TO,IMPACT trajectory
101,A380-841-DEFAULT,D,7,16,1066266.0008941607,8106.402681470021,257.80093583778773,166.70273030620322,483650.1223960045,2470.8315373120627,78.5777252433577,85.75929347974677,57537.468866150535,TO,IMPACT trajectory
102,A380-841-DEFAULT,D,7,17,1066266.0008941607,8429.205655750791,304.82256596906274,166.8189952687686,483650.1223960045,2569.2218838728413,92.90991810737033,85.81910534382206,57576.16267407666,TO,IMPACT trajectory
103,A380-841-DEFAULT,D,7,18,1066266.0008941607,9248.43165043646,424.156477937699,167.11369534295406,483650.1223960045,2818.921967053033,129.28289447541064,85.97071215976415,57674.24527006324,TO,IMPACT trajectory
104,A380-841-DEFAULT,D,7,19,1066266.0008941607,9359.945749577124,440.400363967243,167.15377012134957,483650.1223960045,2852.9114644711076,134.23403093721566,85.99132840687206,57687.58350452127,TO,IMPACT trajectory
105,A380-841-DEFAULT,D,7,20,1066266.0008941607,10740.439445789336,641.4922656960873,167.64908426963373,483650.1223960045,3273.68594307659,195.5268425841674,86.24614001871157,57852.45008766144,TO,IMPACT trajectory
106,A380-841-DEFAULT,D,7,21,1066266.0008941607,11284.4398123108,720.7349804909062,167.84386735884885,483650.1223960045,3439.497254792332,219.68002205362822,86.34634509683004,57917.288868046046,TO,IMPACT trajectory
107,A380-841-DEFAULT,D,7,22,1066266.0008941607,12138.869040924752,845.1968298612612,168.14934613959994,483650.1223960045,3699.9272836738646,257.61599374171243,86.50349695848307,58018.98102801375,TO,IMPACT trajectory
108,A380-841-DEFAULT,D,7,23,1066266.0008941607,12284.436601662395,866.4011698007189,168.20133469514082,483650.1223960045,3744.2962761866984,264.0790765552591,86.53024218205577,58036.28837255992,TO,IMPACT trajectory
109,A380-841-DEFAULT,D,7,24,1066266.0008941607,13201.591103289842,1000.0,168.528521917016,483650.1223960045,4023.844968282744,304.8,86.69856183064267,58145.21553917629,TO,IMPACT trajectory
110,A380-841-DEFAULT,D,7,25,1066266.0008941607,15741.82773522666,1109.1768297675426,184.5258555367431,483650.1223960045,4798.109093697086,338.077097713147,94.92830123723562,57028.79901045194,TO,IMPACT trajectory
111,A380-841-DEFAULT,D,7,26,1066266.0008941607,16376.24442902236,1136.443424741181,188.30917418081995,483650.1223960045,4991.479301966016,346.38795586111195,96.87460849524405,56746.54961816128,TO,IMPACT trajectory
112,A380-841-DEFAULT,D,7,27,1066266.0008941607,16380.02975807508,1136.6061143978873,188.33151975017293,483650.1223960045,4992.633070261284,346.43754366847605,96.88610404925564,56744.86132745066,CL,IMPACT trajectory
113,A380-841-DEFAULT,D,7,28,1066266.0008941607,19345.270453978825,1264.0491937576387,205.0893425563761,483650.1223960045,5896.438434372746,385.2821942573283,105.50707289289126,55571.32093840577,CL,IMPACT trajectory
114,A380-841-DEFAULT,D,7,29,1066266.0008941607,19911.226393268986,1288.3734139751464,208.13451758332985,483650.1223960045,6068.941804668387,392.69621657962466,107.07364626786857,55344.50711572502,CL,IMPACT trajectory
115,A380-841-DEFAULT,D,7,30,1066266.0008941607,20829.76630810209,1326.5587210454078,213.17328189241624,483650.1223960045,6348.912770709518,404.3350981746403,109.66581057354301,55021.464585313784,CL,IMPACT trajectory
116,A380-841-DEFAULT,D,7,31,1066266.0008941607,22657.79869964998,1402.5532173959812,222.8624680351926,483650.1223960045,6906.097043653313,427.49822066229507,114.6503585558824,54372.85107181438,CL,IMPACT trajectory
117,A380-841-DEFAULT,D,7,32,1066266.0008941607,22947.143544141403,1414.58178747517,224.35773879541807,483650.1223960045,6994.2893522543,431.1645288224318,115.41959229142063,54277.81070302669,CL,IMPACT trajectory
118,A380-841-DEFAULT,D,7,33,1066266.0008941607,25592.081742721097,1524.5364836877784,237.59041848705533,483650.1223960045,7800.466515181391,464.6787202280349,122.22707084389624,53401.19502790374,CL,IMPACT trajectory
119,A380-841-DEFAULT,D,7,34,1066266.0008941607,25627.93094128942,1526.0267974274957,237.76471422761676,483650.1223960045,7811.393350905016,465.1329678559007,122.3167363193184,53390.13806698609,CL,IMPACT trajectory
120,A380-841-DEFAULT,D,7,35,1066266.0008941607,26551.36996687691,1564.4157690805434,242.211173454728,483650.1223960045,8092.857565904083,476.83392641574966,124.60419256615451,53104.528535124795,CL,IMPACT trajectory
121,A380-841-DEFAULT,D,7,36,1066266.0008941607,28714.07552248234,1654.3232128505383,252.31836893891807,483650.1223960045,8752.050219252618,504.2377152768441,129.80378313191008,52429.5389839931,CL,IMPACT trajectory
122,A380-841-DEFAULT,D,7,37,1066266.0008941607,29714.07552248234,1777.988802737104,252.78240121605745,483650.1223960045,9056.850219252618,541.9309870742693,130.04250195892732,52709.778656079514,CL,IMPACT trajectory
123,A380-841-DEFAULT,D,7,38,1066266.0008941607,30026.216831726622,1816.589941872763,252.93070939283388,483650.1223960045,9151.990890310275,553.6966142828181,130.11879827653564,52751.09839968911,CL,IMPACT trajectory
124,A380-841-DEFAULT,D,7,39,1066266.0008941607,30151.78474056594,1832.1183713901996,252.99034614292876,483650.1223960045,9190.2639889245,558.4296795997328,130.1494780713067,52767.71134086211,CL,IMPACT trajectory
125,A380-841-DEFAULT,D,7,40,1066266.0008941607,33756.01116329706,2277.837158041988,254.6961712306515,483650.1223960045,10288.832202572943,694.284765771198,131.0270303108796,53242.34958775213,CL,IMPACT trajectory
126,A380-841-DEFAULT,D,7,41,1066266.0008941607,37357.875190471226,2723.263797653681,256.3895403494671,483650.1223960045,11386.68035805563,830.0508055248421,131.89817464644807,53712.4868081707,CL,IMPACT trajectory
127,A380-841-DEFAULT,D,7,42,1066266.0008941607,39595.65372369264,3000.0,257.43599276074536,483650.1223960045,12068.755254981517,914.4000000000001,132.43651627580567,54002.51396399999,CL,IMPACT trajectory
128,A380-841-DEFAULT,D,7,43,1066266.0008941607,39762.43410465713,3007.087227750368,258.1187053351541,483650.1223960045,12119.589915099494,916.5601870183123,132.78773396686262,53976.60427346333,CL,IMPACT trajectory
129,A380-841-DEFAULT,D,7,44,1066266.0008941607,40961.324983392224,3058.0333441718426,262.9741856405955,483650.1223960045,12485.011854937951,932.0885633035776,135.28560883510636,53789.98669394008,CL,IMPACT trajectory
130,A380-841-DEFAULT,D,7,45,1066266.0008941607,41114.91276070277,3064.5599604991216,263.5897496701118,483650.1223960045,12531.825409462204,934.0778759601324,135.60228233029085,53766.032642609345,CL,IMPACT trajectory
131,A380-841-DEFAULT,D,7,46,1066266.0008941607,43117.27583368162,3286.279985573203,264.5896318194826,483650.1223960045,13142.145674106157,1001.6581396027123,136.11666614713383,53947.637130440635,CL,IMPACT trajectory
132,A380-841-DEFAULT,D,7,47,1066266.0008941607,44564.284551773955,3446.5060772282777,265.3098516627844,483650.1223960045,13583.193931380702,1050.4950523391792,136.48717924429909,54078.49411140251,CL,IMPACT trajectory
133,A380-841-DEFAULT,D,7,48,1066266.0008941607,46649.23266946488,3677.3706767461263,266.34416846902957,483650.1223960045,14218.686117652896,1120.8625822722192,137.01927777906744,54266.48682915805,CL,IMPACT trajectory
134,A380-841-DEFAULT,D,7,49,1066266.0008941607,51649.08287528834,4231.0,268.8083169743305,483650.1223960045,15742.640460387887,1289.6088,138.28694528790558,54714.67473412397,CL,IMPACT trajectory
135,A380-841-DEFAULT,D,7,50,1066266.0008941607,55948.994273560216,4707.125671665959,270.9095785540351,483650.1223960045,17053.253454581154,1434.7319047237845,139.36792763390918,55098.03458896911,CL,IMPACT trajectory
136,A380-841-DEFAULT,D,7,51,1066266.0008941607,67820.15355617563,6021.609428042994,276.62787585297303,483650.1223960045,20671.582803922334,1835.3865536675048,142.30967391102948,56142.82345047261,CL,IMPACT trajectory
137,A380-841-DEFAULT,D,7,52,1066266.0008941607,77132.5842936686,7052.767265740191,281.03221669227236,483650.1223960045,23510.011692710188,2149.6834625976103,144.5754625872468,56949.00261706198,CL,IMPACT trajectory
138,A380-841-DEFAULT,D,7,53,1066266.0008941607,87958.58537502639,8251.521509464717,286.06718002448287,483650.1223960045,26809.776822308046,2515.063756084846,147.16567150148396,57868.200086334386,CL,IMPACT trajectory
139,A380-841-DEFAULT,D,7,54,1066266.0008941607,103749.16974906236,10000.0,293.2561164102142,483650.1223960045,31622.74693951421,3048.0,150.86397988658797,59183.3305,CL,IMPACT trajectory
140,A320-232-U_APP_PROC,A,1,1,130954.50010981722,-139503.71503031897,6000.0,275.5816965336915,59399.962066977256,-42520.73234124122,1828.8000000000002,141.7714727723324,185.07059999999956,AP,IMPACT trajectory
141,A320-232-U_APP_PROC,A,1,2,130954.50010981722,-139005.87207097604,5973.9091560691395,275.47753198475857,59399.962066977256,-42368.9898072335,1820.847510769874,141.7178858988258,184.09518479535672,AP,IMPACT trajectory
142,A320-232-U_APP_PROC,A,1,3,130954.50010981722,-136758.08540679084,5856.107648697158,275.00673244574864,59399.962066977256,-41683.86443198985,1784.9416113228938,141.47568569153512,179.6252000343575,AP,IMPACT trajectory
143,A320-232-U_APP_PROC,A,1,4,130954.50010981722,-134510.29874260564,5738.306141325176,274.53512553507875,59399.962066977256,-40998.7390567462,1749.0357118759139,141.2330701363794,175.04110348695062,AP,IMPACT trajectory
144,A320-232-U_APP_PROC,A,1,5,130954.50010981722,-132262.51207842043,5620.5046339531955,274.0627070847753,59399.962066977256,-40313.61368150255,1713.129812428934,140.99003708916774,170.3336823193691,AP,IMPACT trajectory
145,A320-232-U_APP_PROC,A,1,6,130954.50010981722,-130014.72541423522,5502.703126581213,273.58947289087934,59399.962066977256,-39628.4883062589,1677.2239129819538,140.7465843871968,165.4924129832608,AP,IMPACT trajectory
146,A320-232-U_APP_PROC,A,1,7,130954.50010981722,-127766.93875005002,5384.901619209231,273.11541871301057,59399.962066977256,-38943.36293101525,1641.3180135349737,140.50270984902656,160.5051842700682,AP,IMPACT trajectory
147,A320-232-U_APP_PROC,A,1,8,130954.50010981722,-125519.1520858648,5267.10011183725,272.64054027392365,59399.962066977256,-38258.23755577159,1605.4121140879938,140.25841127425184,155.3579402544812,AP,IMPACT trajectory
148,A320-232-U_APP_PROC,A,1,9,130954.50010981722,-123271.3654216796,5149.298604465268,272.164833259058,59399.962066977256,-37573.11218052794,1569.5062146410137,140.01368644327096,150.0342128404763,AP,IMPACT trajectory
149,A320-232-U_APP_PROC,A,1,10,130954.50010981722,-122476.2568343864,5107.628729116355,271.99636242618124,59399.962066977256,-37330.763083120975,1556.805236634665,139.92701755924656,148.10524234655884,AP,IMPACT trajectory
150,A320-232-U_APP_PROC,A,1,11,130954.50010981722,-105749.18422972776,4231.0,268.42765331565505,59399.962066977256,-32232.351353221024,1289.6088,138.0911149834981,99.17896752564984,AP,IMPACT trajectory
151,A320-232-U_APP_PROC,A,1,12,130954.50010981722,-82260.30496713433,3000.0,263.3346898125464,59399.962066977256,-25072.940953982546,914.4000000000001,135.47106820356552,-53.897400000000744,AP,IMPACT trajectory
152,A320-232-U_APP_PROC,A,1,13,130954.50010981722,-74975.72563101788,3000.0,245.42793090529324,59399.962066977256,-22852.60117233425,914.4000000000001,126.25903556572307,57.038819999999234,AP,IMPACT trajectory
153,A320-232-U_APP_PROC,A,1,14,130954.50010981722,-68203.93241794068,3000.0,227.5211719980401,59399.962066977256,-20788.558600988323,914.4000000000001,117.04700292788063,167.9750399999992,AP,IMPACT trajectory
154,A320-232-U_APP_PROC,A,1,15,130954.50010981722,-61944.92532790275,3000.0,209.61441309078697,59399.962066977256,-18880.813239944757,914.4000000000001,107.83497029003819,278.9112599999992,AP,IMPACT trajectory
155,A320-232-U_APP_PROC,A,1,16,130954.50010981722,-59090.48728795013,3000.0,200.17047805027337,59399.962066977256,-18010.7805253672,914.4000000000001,102.97659037475175,341.7009388360331,AP,IMPACT trajectory
156,A320-232-U_APP_PROC,A,1,17,130954.50010981722,-57243.410063184645,3000.0,193.81433170203417,59399.962066977256,-17447.79138725868,914.4000000000001,99.70670619782425,376.7961599999992,AP,IMPACT trajectory
157,A320-232-U_APP_PROC,A,1,18,130954.50010981722,-49859.010165033826,2613.0,181.17482448462297,59399.962066977256,-15197.026298302311,796.4424,93.2043819293116,405.6138270599997,AP,IMPACT trajectory
158,A320-232-U_APP_PROC,A,1,19,130954.50010981722,-44041.34481825601,2308.109078563471,164.301695895215,59399.962066977256,-13423.801900604432,703.5116471461461,84.52409466609394,471.9690854600001,AP,IMPACT trajectory
159,A320-232-U_APP_PROC,A,1,20,130954.50010981722,-38791.95088615146,2033.0,147.42856730580704,59399.962066977256,-11823.786630098966,619.6584,75.84380740287628,538.3243438600005,AP,IMPACT trajectory
160,A320-232-U_APP_PROC,A,1,21,130954.50010981722,-35708.58763497762,1871.4077792830412,140.87306211385717,59399.962066977256,-10883.97751114118,570.405091125471,72.47136417635096,556.8996851242201,AP,IMPACT trajectory
161,A320-232-U_APP_PROC,A,1,22,130954.50010981722,-34708.58763497762,1819.0,138.68044079658037,59399.962066977256,-10579.17751114118,554.4312,71.34338232090747,4956.044308480426,AP,IMPACT trajectory
162,A320-232-U_APP_PROC,A,1,23,130954.50010981722,-20639.07843265855,1081.648267104145,137.20029834556513,59399.962066977256,-6290.791106274326,329.6863918133434,70.58193125999628,4829.553532049259,AP,IMPACT trajectory
163,A320-232-U_APP_PROC,A,1,24,130954.50010981722,-19072.368905420204,999.5405,137.03448789919918,59399.962066977256,-5813.258042372078,304.65994440000003,70.49663099703247,4815.26255875569,AP,IMPACT trajectory
164,A320-232-U_APP_PROC,A,1,25,130954.50010981722,-12234.777141329618,641.1975,136.3084802282718,59399.962066977256,-3729.1600726772676,195.43699800000002,70.12314038409983,4752.389430114044,AP,IMPACT trajectory
165,A320-232-U_APP_PROC,A,1,26,130954.50010981722,-8399.478207664586,440.198,135.89955469673714,59399.962066977256,-2560.160957696166,134.1723504,69.91277091621033,4716.756158366929,AP,IMPACT trajectory
166,A320-232-U_APP_PROC,A,1,27,130954.50010981722,-5813.6884288587535,304.6825,135.62315790464757,59399.962066977256,-1772.012233116148,92.867226,69.77058012205758,4692.579206788626,AP,IMPACT trajectory
167,A320-232-U_APP_PROC,A,1,28,130954.50010981722,-3887.361815117499,203.728,135.41688489030943,59399.962066977256,-1184.8678812478138,62.096294400000005,69.66446411579253,4674.4869137631085,AP,IMPACT trajectory
168,A320-232-U_APP_PROC,A,1,29,130954.50010981722,-2360.1839591784847,123.692,135.2531295697311,59399.962066977256,-719.3840707576021,37.7013216,69.58022110087278,4660.093557065418,AP,IMPACT trajectory
169,A320-232-U_APP_PROC,A,1,30,130954.50010981722,-1075.9662166843118,56.389,135.11527261558564,59399.962066977256,-327.9545028453783,17.1873672,69.50930135668462,4647.955553133837,AP,IMPACT trajectory
170,A320-232-U_APP_PROC,A,1,31,130954.50010981722,-954.0568343864109,50.0,135.10217869553418,59399.962066977256,-290.79652312097807,15.24,69.50256526225814,4646.801657965621,AP,IMPACT trajectory
171,A320-232-U_APP_PROC,A,1,32,130954.50010981722,-477.02841719320537,25.0,134.9689536529419,59399.962066977256,-145.398261560489,7.62,69.43402837923567,4642.598720173129,AP,IMPACT trajectory
172,A320-232-U_APP_PROC,A,1,33,130954.50010981722,0.0,0.0,134.8355969766883,59399.962066977256,0.0,0.0,69.36542377800743,4638.400306337319,AP,IMPACT trajectory
173,A320-232-U_APP_PROC,A,1,34,130954.50010981722,311.0,0.0,131.9805652942559,59399.962066977256,94.7928,0.0,67.89666859026721,10600.0,AP,IMPACT trajectory
174,A320-232-U_APP_PROC,A,1,35,130954.50010981722,942.4437543133196,0.0,115.02123056814924,59399.962066977256,287.2568563146998,0.0,59.17203305894789,9275.0,AP,IMPACT trajectory
175,A320-232-U_APP_PROC,A,1,36,130954.50010981722,1487.1766735679778,0.0,98.06189584204256,59399.962066977256,453.29145010351965,0.0,50.44739752762857,7950.0,AP,IMPACT trajectory
176,A320-232-U_APP_PROC,A,1,37,130954.50010981722,1945.198757763975,0.0,81.10256111593588,59399.962066977256,592.8965813664596,0.0,41.72276199630924,6625.0,AP,IMPACT trajectory
177,A320-232-U_APP_PROC,A,1,38,130954.50010981722,2316.510006901311,0.0,64.14322638982921,59399.962066977256,706.0722501035197,0.0,32.998126464989916,5300.0,AP,IMPACT trajectory
178,A320-232-U_APP_PROC,A,1,39,130954.50010981722,2601.110420979986,0.0,47.183891663722534,59399.962066977256,792.8184563146998,0.0,24.273490933670594,3975.0,AP,IMPACT trajectory
179,A320-232-U_APP_PROC,A,1,40,130954.50010981722,2799.0,0.0,30.22455693761586,59399.962066977256,853.1352,0.0,15.54885540235127,2650.0,AP,IMPACT trajectory
180,7773ER-U_DEP_PROC,D,5,1,602700.0005054185,0.0,0.0,0.0,273380.121628254,0.0,0.0,0.0,112388.2,TO,IMPACT trajectory
181,7773ER-U_DEP_PROC,D,5,2,602700.0005054185,55.895171000405504,0.0,18.77156691797401,273380.121628254,17.036848120923597,0.0,9.656928314468852,110152.34784030786,TO,IMPACT trajectory
182,7773ER-U_DEP_PROC,D,5,3,602700.0005054185,223.580684001622,0.0,37.54313383594801,273380.121628254,68.14739248369439,0.0,19.3138566289377,107916.49568061571,TO,IMPACT trajectory
183,7773ER-U_DEP_PROC,D,5,4,602700.0005054185,503.0565390036495,0.0,56.31470075392202,273380.121628254,153.33163308831237,0.0,28.97078494340655,105680.64352092358,TO,IMPACT trajectory
184,7773ER-U_DEP_PROC,D,5,5,602700.0005054185,894.322736006488,0.0,75.08626767189602,273380.121628254,272.58956993477756,0.0,38.6277132578754,103444.79136123144,TO,IMPACT trajectory
185,7773ER-U_DEP_PROC,D,5,6,602700.0005054185,1397.3792750101377,0.0,93.85783458987004,273380.121628254,425.92120302309,0.0,48.284641572344256,101208.93920153932,TO,IMPACT trajectory
186,7773ER-U_DEP_PROC,D,5,7,602700.0005054185,2012.226156014598,0.0,112.62940150784404,273380.121628254,613.3265323532495,0.0,57.9415698868131,98973.08704184716,TO,IMPACT trajectory
187,7773ER-U_DEP_PROC,D,5,8,602700.0005054185,2738.8633790198696,0.0,131.40096842581804,273380.121628254,834.8055579252563,0.0,67.59849820128194,96737.23488215504,TO,IMPACT trajectory
188,7773ER-U_DEP_PROC,D,5,9,602700.0005054185,3577.2909440259523,0.0,150.17253534379205,273380.121628254,1090.3582797391102,0.0,77.2554265157508,94501.3827224629,TO,IMPACT trajectory
189,7773ER-U_DEP_PROC,D,5,10,602700.0005054185,4527.508851032846,0.0,168.94410226176606,273380.121628254,1379.9846977948116,0.0,86.91235483021966,92265.53056277076,TO,IMPACT trajectory
190,7773ER-U_DEP_PROC,D,5,11,602700.0005054185,5589.51710004055,0.0,187.71566917974005,273380.121628254,1703.6848120923596,0.0,96.5692831446885,90029.67840307862,TO,IMPACT trajectory
191,7773ER-U_DEP_PROC,D,5,12,602700.0005054185,5882.702301197808,68.4877161055505,187.9085506011138,273380.121628254,1793.047661405092,20.875055868971796,96.66850992035077,90066.47571000877,TO,IMPACT trajectory
192,7773ER-U_DEP_PROC,D,5,13,602700.0005054185,6232.633025159697,150.23111919927206,188.1385050534073,273380.121628254,1899.7065460686758,45.79044513193813,96.78680871080842,90110.3754058865,TO,IMPACT trajectory
193,7773ER-U_DEP_PROC,D,5,14,602700.0005054185,6648.7668590603225,247.4394904458599,188.41159907670436,273380.121628254,2026.5441386415864,75.4195566878981,96.92730041390458,90162.55262682177,TO,IMPACT trajectory
194,7773ER-U_DEP_PROC,D,5,15,602700.0005054185,7173.662945003155,370.0545950864422,188.75550643284615,273380.121628254,2186.5324656369617,112.79264058234759,97.10422164267528,90228.32404315563,TO,IMPACT trajectory
195,7773ER-U_DEP_PROC,D,5,16,602700.0005054185,7878.253186493987,534.646041856233,189.21616516989667,273380.121628254,2401.2915712433673,162.9601135577798,97.34120497073572,90316.53650097593,TO,IMPACT trajectory
196,7773ER-U_DEP_PROC,D,5,17,602700.0005054185,8923.3165648126,778.77161055505,189.8973661805722,273380.121628254,2719.8268889548804,237.36958689717923,97.69164504622769,90447.21667623424,TO,IMPACT trajectory
197,7773ER-U_DEP_PROC,D,5,18,602700.0005054185,10786.461230231307,1214.0,191.10579184977152,273380.121628254,3287.7133829745026,370.0272,98.31331291827135,90679.72684307862,TO,IMPACT trajectory
198,7773ER-U_DEP_PROC,D,5,19,602700.0005054185,10826.761879049674,1219.7900529351282,191.12221705833804,273380.121628254,3299.997020734341,371.7920081346271,98.32176277556724,89992.16350684792,CL,IMPACT trajectory
199,7773ER-U_DEP_PROC,D,5,20,602700.0005054185,11786.461230231307,1357.6714570334516,191.51294249947907,273380.121628254,3592.5133829745027,413.8182601037961,98.52276930806534,71696.56049482802,CL,IMPACT trajectory
200,7773ER-U_DEP_PROC,D,5,21,602700.0005054185,13803.58155938737,1470.48138875396,204.05562325173065,273380.121628254,4207.3316593012705,448.202727292207,104.97528173950144,70417.61412190172,CL,IMPACT trajectory
201,7773ER-U_DEP_PROC,D,5,22,602700.0005054185,15948.619516575554,1590.4452709233196,216.59830400398224,273380.121628254,4861.13922865223,484.76771857742784,111.42779417093753,69138.6677489754,CL,IMPACT trajectory
202,7773ER-U_DEP_PROC,D,5,23,602700.0005054185,19347.52397463184,1866.0021146175384,230.51978715352368,273380.121628254,5897.125307467785,568.7574445354257,118.58962383564607,67966.83095736589,CL,IMPACT trajectory
203,7773ER-U_DEP_PROC,D,5,24,602700.0005054185,22958.085227953263,2158.718451663049,244.44127030306512,273380.121628254,6997.624377480155,657.9773840668975,125.75145350035461,66794.99416575638,CL,IMPACT trajectory
204,7773ER-U_DEP_PROC,D,5,25,602700.0005054185,28742.554187897204,3000.0,247.5346084237936,273380.121628254,8760.730516471069,914.4000000000001,127.3428041113516,67721.31999999999,CL,IMPACT trajectory
205,7773ER-U_DEP_PROC,D,5,26,602700.0005054185,33858.690721222156,3393.849122392734,264.8963534939364,273380.121628254,10320.128931828514,1034.4452125053053,136.27445740854728,66366.57773892605,CL,IMPACT trajectory
206,7773ER-U_DEP_PROC,D,5,27,602700.0005054185,40612.30998984941,4231.0,268.6558851746974,273380.121628254,12378.632084906101,1289.6088,138.20852759542765,66817.98720533025,CL,IMPACT trajectory
207,7773ER-U_DEP_PROC,D,5,28,602700.0005054185,49212.55399568034,5297.050887790336,273.3685443649529,273380.121628254,14999.986457883368,1614.5411105984945,140.63292893441468,67394.71881413006,CL,IMPACT trajectory
208,7773ER-U_DEP_PROC,D,5,29,602700.0005054185,60761.09999999999,6728.561169620184,279.5718490533403,273380.121628254,18519.983279999997,2050.865444500232,143.82418456855174,68161.48776003244,CL,IMPACT trajectory
209,7773ER-U_DEP_PROC,D,5,30,602700.0005054185,61821.244783057555,6859.972358232804,280.13442236933946,273380.121628254,18843.115409875943,2090.9195747893586,144.1135972855602,68231.4445588248,CL,IMPACT trajectory
210,7773ER-U_DEP_PROC,D,5,31,602700.0005054185,63373.30211462546,7052.359003902122,280.9560007924558,273380.121628254,19316.182484537843,2149.5590243893666,144.5362537410078,68333.73249155401,CL,IMPACT trajectory
211,7773ER-U_DEP_PROC,D,5,32,602700.0005054185,64642.81804883937,7209.722979600386,281.6262344964842,273380.121628254,19703.13094128624,2197.523564182198,144.88105174652463,68415.50123688756,CL,IMPACT trajectory
212,7773ER-U_DEP_PROC,D,5,33,602700.0005054185,67464.39131462119,7559.473600967966,283.11018582370696,273380.121628254,20563.14647269654,2304.1275535750365,145.64446226264036,68596.88799185153,CL,IMPACT trajectory
213,7773ER-U_DEP_PROC,D,5,34,602700.0005054185,70285.964580403,7909.224222335547,284.58639931943185,273380.121628254,21423.162004106835,2410.7315429678747,146.40389209432993,68777.79637963611,CL,IMPACT trajectory
214,7773ER-U_DEP_PROC,D,5,35,602700.0005054185,73107.5378461848,8258.974843703127,286.0549947790884,273380.121628254,22283.17753551713,2517.335532360713,147.1594028696866,68958.23016515686,CL,IMPACT trajectory
215,7773ER-U_DEP_PROC,D,5,36,602700.0005054185,75929.11111196662,8608.725465070707,287.5160889385662,273380.121628254,23143.193066927426,2623.9395217535516,147.91105464284018,69138.19306420158,CL,IMPACT trajectory
216,7773ER-U_DEP_PROC,D,5,37,602700.0005054185,78750.68437774843,8958.476086438288,288.96979558250496,273380.121628254,24003.208598337722,2730.5435111463903,148.65890594966646,69317.68874432321,CL,IMPACT trajectory
217,7773ER-U_DEP_PROC,D,5,38,602700.0005054185,79810.829160806,9089.887275050907,289.5141077255036,273380.121628254,24326.34072821367,2770.597641435517,148.93892430767576,69385.01033166109,CL,IMPACT trajectory
218,7773ER-U_DEP_PROC,D,5,39,602700.0005054185,87153.0598151022,10000.0,293.2561164102142,273380.121628254,26564.25263164315,3048.0,150.86397988658797,69849.47777777776,CL,IMPACT trajectory
260,A320-232-EXTEND_LEV,A,5,42,130954.50010981722,-169344.07177170913,4000.0,267.32654931553657,59399.962066977256,-51616.073076016946,1219.2,137.5246581478816,4148.077544943389,AP,IMPACT trajectory
261,A320-232-EXTEND_LEV,A,5,43,130954.50010981722,-106512.40460067516,4000.0,267.32654931553657,59399.962066977256,-32464.98092228579,1219.2,137.5246581478816,4148.077544943389,AP,IMPACT trajectory
262,A320-232-EXTEND_LEV,A,5,44,130954.50010981722,-102344.07177170912,4000.0,267.32654931553657,59399.962066977256,-31194.47307601694,1219.2,137.5246581478816,4148.077544943389,AP,IMPACT trajectory
263,A320-232-EXTEND_LEV,A,5,45,130954.50010981722,-101344.07177170912,4000.0,267.32654931553657,59399.962066977256,-30889.67307601694,1219.2,137.5246581478816,44.27860000000041,AP,IMPACT trajectory
264,A320-232-EXTEND_LEV,A,5,46,130954.50010981722,-94058.72598381132,4000.0,249.14834396208008,59399.962066977256,-28669.099679865692,1219.2,128.17298139382564,155.21482000000037,AP,IMPACT trajectory
265,A320-232-EXTEND_LEV,A,5,47,130954.50010981722,-87286.2202720802,4000.0,230.9701386086236,59399.962066977256,-26604.839938930047,1219.2,118.8213046397697,266.15104000000036,AP,IMPACT trajectory
266,A320-232-EXTEND_LEV,A,5,48,130954.50010981722,-81026.55463651581,4000.0,212.79193325516712,59399.962066977256,-24696.89385321002,1219.2,109.46962788571376,377.0872600000003,AP,IMPACT trajectory
267,A320-232-EXTEND_LEV,A,5,49,130954.50010981722,-76324.54675091285,4000.0,196.75234029623493,59399.962066977256,-23263.721849678237,1219.2,101.21814839684086,474.9721600000004,AP,IMPACT trajectory
268,A320-232-EXTEND_LEV,A,5,50,130954.50010981722,-75477.6924604841,3955.6182472623136,196.2730333650109,59399.962066977256,-23005.600661955556,1205.6724417655532,100.97157160888894,472.9103725844997,AP,IMPACT trajectory
269,A320-232-EXTEND_LEV,A,5,51,130954.50010981722,-72305.3867546476,3789.3647500125016,194.4670544772557,59399.962066977256,-22038.68188281659,1154.9983758038106,100.0424958032993,465.10570405164606,AP,IMPACT trajectory
270,A320-232-EXTEND_LEV,A,5,52,130954.50010981722,-69133.08103893019,3623.111252244854,192.6441458379133,59399.962066977256,-21071.763100665925,1104.3243096842316,99.10471058105983,457.167815317244,AP,IMPACT trajectory
271,A320-232-EXTEND_LEV,A,5,53,130954.50010981722,-65960.77532616294,3456.8577546318174,190.80382222281276,59399.962066977256,-20104.844319414464,1053.650243611778,98.15796632129144,449.08964226456425,AP,IMPACT trajectory
272,A320-232-EXTEND_LEV,A,5,54,130954.50010981722,-62788.46961339568,3290.60425701878,188.94557476704836,59399.962066977256,-19137.925538163006,1002.9761775393242,97.20200124127044,440.86347344352174,AP,IMPACT trajectory
273,A320-232-EXTEND_LEV,A,5,55,130954.50010981722,-59616.16389767828,3124.3507592511323,187.06886933054776,59399.962066977256,-18171.00675601234,952.3021114197452,96.23654055560401,432.48086389718,AP,IMPACT trajectory
274,A320-232-EXTEND_LEV,A,5,56,130954.50010981722,-56443.85819184178,2958.097262001321,185.173144714256,59399.962066977256,-17204.087976873376,901.6280454580026,95.26129555855614,423.9325336425812,AP,IMPACT trajectory
275,A320-232-EXTEND_LEV,A,5,57,130954.50010981722,-53271.55248104805,2791.8437644917117,183.2578106739828,59399.962066977256,-16237.169196223445,850.9539794170738,94.27596260228225,415.2082471634507,AP,IMPACT trajectory
276,A320-232-EXTEND_LEV,A,5,58,130954.50010981722,-50099.24676995004,2625.5902669661564,181.32224580179945,59399.962066977256,-15270.250415480774,800.2799133712845,93.28022200692571,406.2966698654691,AP,IMPACT trajectory
277,A320-232-EXTEND_LEV,A,5,59,130954.50010981722,-49859.010165033826,2613.0,181.17482448462297,59399.962066977256,-15197.026298302311,796.4424,93.2043819293116,405.6138270599997,AP,IMPACT trajectory
278,A320-232-EXTEND_LEV,A,5,60,130954.50010981722,-46926.94105480272,2459.3367692283855,172.87683293124888,59399.962066977256,-14303.33163350387,749.605847260812,88.93552627463136,440.3081688514899,AP,IMPACT trajectory
279,A320-232-EXTEND_LEV,A,5,61,130954.50010981722,-44041.34481825601,2308.109078563471,164.301695895215,59399.962066977256,-13423.801900604432,703.5116471461461,84.52409466609394,471.9690854600001,AP,IMPACT trajectory
280,A320-232-EXTEND_LEV,A,5,62,130954.50010981722,-43754.63534447051,2293.0832717429635,163.42510794045208,59399.962066977256,-13336.412852994612,698.9317812272553,84.07313886269924,475.8322077387931,AP,IMPACT trajectory
281,A320-232-EXTEND_LEV,A,5,63,130954.50010981722,-40582.32962699276,2126.82977388306,153.39208727701077,59399.962066977256,-12369.494070307393,648.2577150795568,78.91170712139555,516.6514896610113,AP,IMPACT trajectory
282,A320-232-EXTEND_LEV,A,5,64,130954.50010981722,-38791.95088615146,2033.0,147.42856730580704,59399.962066977256,-11823.786630098966,619.6584,75.84380740287628,538.3243438600005,AP,IMPACT trajectory
283,A320-232-EXTEND_LEV,A,5,65,130954.50010981722,-37410.023921626154,1960.5762766578744,144.5272412282035,59399.962066977256,-11402.575291311652,597.5836491253201,74.35123632073136,546.727639035568,AP,IMPACT trajectory
284,A320-232-EXTEND_LEV,A,5,66,130954.50010981722,-35708.58763497762,1871.4077792830412,140.87306211385717,59399.962066977256,-10883.97751114118,570.405091125471,72.47136417635096,556.8996851242201,AP,IMPACT trajectory
285,A320-232-EXTEND_LEV,A,5,67,130954.50010981722,-34708.58763497762,1819.0,138.68044079658037,59399.962066977256,-10579.17751114118,554.4312,71.34338232090747,4956.044308480426,AP,IMPACT trajectory
286,A320-232-EXTEND_LEV,A,5,68,130954.50010981722,-19072.368905420204,999.5405,137.03448789919918,59399.962066977256,-5813.258042372078,304.65994440000003,70.49663099703247,4815.26255875569,AP,IMPACT trajectory
287,A320-232-EXTEND_LEV,A,5,69,130954.50010981722,-12234.777141329618,641.1975,136.3084802282718,59399.962066977256,-3729.1600726772676,195.43699800000002,70.12314038409983,4752.389430114044,AP,IMPACT trajectory
288,A320-232-EXTEND_LEV,A,5,70,130954.50010981722,-8399.478207664586,440.198,135.89955469673714,59399.962066977256,-2560.160957696166,134.1723504,69.91277091621033,4716.756158366929,AP,IMPACT trajectory
289,A320-232-EXTEND_LEV,A,5,71,130954.50010981722,-5813.6884288587535,304.6825,135.62315790464757,59399.962066977256,-1772.012233116148,92.867226,69.77058012205758,4692.579206788626,AP,IMPACT trajectory
290,A320-232-EXTEND_LEV,A,5,72,130954.50010981722,-3887.361815117499,203.728,135.41688489030943,59399.962066977256,-1184.8678812478138,62.096294400000005,69.66446411579253,4674.4869137631085,AP,IMPACT trajectory
291,A320-232-EXTEND_LEV,A,5,73,130954.50010981722,-2360.1839591784847,123.692,135.2531295697311,59399.962066977256,-719.3840707576021,37.7013216,69.58022110087278,4660.093557065418,AP,IMPACT trajectory
292,A320-232-EXTEND_LEV,A,5,74,130954.50010981722,-1075.9662166843118,56.389,135.11527261558564,59399.962066977256,-327.9545028453783,17.1873672,69.50930135668462,4647.955553133837,AP,IMPACT trajectory
293,A320-232-EXTEND_LEV,A,5,75,130954.50010981722,-954.0568343864154,50.00000000000024,135.10217869553418,59399.962066977256,-290.79652312097943,15.240000000000075,69.50256526225814,4646.801657965621,AP,IMPACT trajectory
294,A320-232-EXTEND_LEV,A,5,76,130954.50010981722,-954.0568343864109,50.0,135.10217869553418,59399.962066977256,-290.79652312097807,15.24,69.50256526225814,4646.801657965621,AP,IMPACT trajectory
295,A320-232-EXTEND_LEV,A,5,77,130954.50010981722,-477.02841719320537,25.0,134.9689536529419,59399.962066977256,-145.398261560489,7.62,69.43402837923567,4642.598720173129,AP,IMPACT trajectory
296,A320-232-EXTEND_LEV,A,5,78,130954.50010981722,0.0,0.0,134.8355969766883,59399.962066977256,0.0,0.0,69.36542377800743,4638.400306337319,AP,IMPACT trajectory
297,A320-232-EXTEND_LEV,A,5,79,130954.50010981722,311.0,0.0,131.9805652942559,59399.962066977256,94.7928,0.0,67.89666859026721,10600.0,AP,IMPACT trajectory
298,A320-232-EXTEND_LEV,A,5,80,130954.50010981722,942.4437543133196,0.0,115.02123056814924,59399.962066977256,287.2568563146998,0.0,59.17203305894789,9275.0,AP,IMPACT trajectory
299,A320-232-EXTEND_LEV,A,5,81,130954.50010981722,1487.1766735679778,0.0,98.06189584204256,59399.962066977256,453.29145010351965,0.0,50.44739752762857,7950.0,AP,IMPACT trajectory
300,A320-232-EXTEND_LEV,A,5,82,130954.50010981722,1945.198757763975,0.0,81.10256111593588,59399.962066977256,592.8965813664596,0.0,41.72276199630924,6625.0,AP,IMPACT trajectory
301,A320-232-EXTEND_LEV,A,5,83,130954.50010981722,2316.510006901311,0.0,64.14322638982921,59399.962066977256,706.0722501035197,0.0,32.998126464989916,5300.0,AP,IMPACT trajectory
302,A320-232-EXTEND_LEV,A,5,84,130954.50010981722,2601.110420979986,0.0,47.183891663722534,59399.962066977256,792.8184563146998,0.0,24.273490933670594,3975.0,AP,IMPACT trajectory
303,A320-232-EXTEND_LEV,A,5,85,130954.50010981722,2799.0,0.0,30.22455693761586,59399.962066977256,853.1352,0.0,15.54885540235127,2650.0,AP,IMPACT trajectory
219,A320-232-DEFAULT,D,5,1,172000.00014423762,0.0,0.0,0.0,78017.88770542508,0.0,0.0,0.0,24807.403,TO,IMPACT trajectory
220,A320-232-DEFAULT,D,5,2,172000.00014423762,68.9024311383779,0.0,18.369524556898806,78017.88770542508,21.001461010977586,0.0,9.450099855382385,24347.067453285646,TO,IMPACT trajectory
221,A320-232-DEFAULT,D,5,3,172000.00014423762,275.6097245535116,0.0,36.73904911379761,78017.88770542508,84.00584404391034,0.0,18.90019971076477,23886.731906571295,TO,IMPACT trajectory
222,A320-232-DEFAULT,D,5,4,172000.00014423762,620.1218802454011,0.0,55.108573670696416,78017.88770542508,189.01314909879827,0.0,28.350299566147154,23426.396359856943,TO,IMPACT trajectory
223,A320-232-DEFAULT,D,5,5,172000.00014423762,1102.4388982140465,0.0,73.47809822759523,78017.88770542508,336.0233761756414,0.0,37.80039942152954,22966.06081314259,TO,IMPACT trajectory
224,A320-232-DEFAULT,D,5,6,172000.00014423762,1722.5607784594476,0.0,91.84762278449404,78017.88770542508,525.0365252744397,0.0,47.25049927691193,22505.725266428235,TO,IMPACT trajectory
225,A320-232-DEFAULT,D,5,7,172000.00014423762,2480.4875209816046,0.0,110.21714734139285,78017.88770542508,756.0525963951931,0.0,56.700599132294315,22045.389719713883,TO,IMPACT trajectory
226,A320-232-DEFAULT,D,5,8,172000.00014423762,3376.2191257805175,0.0,128.58667189829166,78017.88770542508,1029.071589537902,0.0,66.1506989876767,21585.05417299953,TO,IMPACT trajectory
227,A320-232-DEFAULT,D,5,9,172000.00014423762,4409.755592856186,0.0,146.95619645519045,78017.88770542508,1344.0935047025655,0.0,75.60079884305908,21124.71862628518,TO,IMPACT trajectory
228,A320-232-DEFAULT,D,5,10,172000.00014423762,5581.0969222086105,0.0,165.32572101208925,78017.88770542508,1701.1183418891846,0.0,85.05089869844147,20664.383079570827,TO,IMPACT trajectory
229,A320-232-DEFAULT,D,5,11,172000.00014423762,5912.477747450169,56.41492265696088,165.46511578260788,78017.88770542508,1802.1232174228116,17.19526842584168,85.1226095637194,20682.4025110981,TO,IMPACT trajectory
230,A320-232-DEFAULT,D,5,12,172000.00014423762,6307.996796932029,123.7488626023658,165.63133661573275,78017.88770542508,1922.6774237048824,37.718653321201096,85.20812094787141,20703.889044612875,TO,IMPACT trajectory
231,A320-232-DEFAULT,D,5,13,172000.00014423762,6778.343774694241,203.82165605095545,165.8287877557768,78017.88770542508,2066.039182526805,62.124840764331225,85.3096985899163,20729.41160788382,TO,IMPACT trajectory
232,A320-232-DEFAULT,D,5,14,172000.00014423762,7371.622348917031,304.82256596906274,166.0775106412484,78017.88770542508,2246.870491949911,92.90991810737033,85.43765269655334,20761.560093593987,TO,IMPACT trajectory
233,A320-232-DEFAULT,D,5,15,172000.00014423762,8168.005299900777,440.400363967243,166.41079747139847,78017.88770542508,2489.6080154097567,134.23403093721566,85.60911025473054,20804.63626851246,TO,IMPACT trajectory
234,A320-232-DEFAULT,D,5,16,172000.00014423762,9349.21759632633,641.4922656960873,166.90391002491725,78017.88770542508,2849.6415233602656,195.5268425841674,85.8627892683741,20868.36402842193,TO,IMPACT trajectory
235,A320-232-DEFAULT,D,5,17,172000.00014423762,11455.089292216237,1000.0,167.77943870800357,78017.88770542508,3491.511216267509,304.8,86.31320013533961,20981.49807957083,TO,IMPACT trajectory
236,A320-232-DEFAULT,D,5,18,172000.00014423762,13675.217471920412,1109.756018135755,184.11422342729463,78017.88770542508,4168.206285441342,338.2536343277782,94.71653938537492,20627.16343806684,TO,IMPACT trajectory
237,A320-232-DEFAULT,D,5,19,172000.00014423762,16101.460849293344,1229.701710714722,200.44900814658573,78017.88770542508,4907.7252668646115,374.81308142584726,103.11987863541022,20272.828796562848,TO,IMPACT trajectory
238,A320-232-DEFAULT,D,5,20,172000.00014423762,18733.81942433503,1359.8370777369014,216.7837928658768,78017.88770542508,5710.068160537317,414.47834129420755,111.5232178854455,19918.49415505886,TO,IMPACT trajectory
239,A320-232-DEFAULT,D,5,21,172000.00014423762,21707.955012036517,1501.7674773538606,233.30950823736072,78017.88770542508,6616.584687668731,457.7387270974567,120.02478034877556,19572.0882408089,TO,IMPACT trajectory
240,A320-232-DEFAULT,D,5,22,172000.00014423762,22707.955012036517,1608.1102181730432,233.67801535043583,78017.88770542508,6921.38468766873,490.1519944991436,120.21435678583532,15358.442399162715,CL,IMPACT trajectory
241,A320-232-DEFAULT,D,5,23,172000.00014423762,23087.76261823347,1648.5,233.8217450608487,78017.88770542508,7037.150046037563,502.4628,120.28829773685884,15365.599359347669,CL,IMPACT trajectory
242,A320-232-DEFAULT,D,5,24,172000.00014423762,35796.66958817881,3000.0,238.58122897016705,78017.88770542508,10910.824890476903,914.4000000000001,122.73678779243039,15603.188878333334,CL,IMPACT trajectory
243,A320-232-DEFAULT,D,5,25,172000.00014423762,36455.96708723974,3023.84841676294,241.01635329221435,78017.88770542508,11111.778768190674,921.6689974293441,123.98952397143916,15627.247610245691,CL,IMPACT trajectory
244,A320-232-DEFAULT,D,5,26,172000.00014423762,39365.8818316866,3129.1072106595307,251.48261606663547,78017.88770542508,11998.720782298076,953.751877809025,129.37383470983582,15732.995134377505,CL,IMPACT trajectory
245,A320-232-DEFAULT,D,5,27,172000.00014423762,39628.272792606345,3138.5985389290227,252.4050427202379,78017.88770542508,12078.697547186415,956.6448346655661,129.84837197718906,15742.095307997735,CL,IMPACT trajectory
246,A320-232-DEFAULT,D,5,28,172000.00014423762,42800.578510084095,3253.348661533196,263.3015925671291,78017.88770542508,13045.616329873632,991.6206720353181,135.4540415095342,15851.702988580775,CL,IMPACT trajectory
247,A320-232-DEFAULT,D,5,29,172000.00014423762,43123.01974752997,3265.012156424531,264.3840031631039,78017.88770542508,13143.896419047136,995.1757052781971,136.01088162724122,15862.801390421677,CL,IMPACT trajectory
248,A320-232-DEFAULT,D,5,30,172000.00014423762,45972.88422041631,3549.8685943796686,265.5610543470543,78017.88770542508,14012.53511038289,1081.999947566923,136.61640906965127,15914.143089862073,CL,IMPACT trajectory
249,A320-232-DEFAULT,D,5,31,172000.00014423762,49145.18993556363,3866.954446959309,266.8651744182674,78017.88770542508,14979.453892359794,1178.6477154331974,137.2873063951753,15971.099613531072,CL,IMPACT trajectory
250,A320-232-DEFAULT,D,5,32,172000.00014423762,50476.25268986899,4000.0,267.41047396718267,78017.88770542508,15385.16181987207,1219.2,137.56783271867286,15994.937508370756,CL,IMPACT trajectory
251,A320-232-DEFAULT,D,5,33,172000.00014423762,52317.495646661635,4000.0,267.41047396718267,78017.88770542508,15946.372673102467,1219.2,137.56783271867286,15994.937508370756,CL,IMPACT trajectory
252,A320-232-DEFAULT,D,5,34,172000.00014423762,55489.80135745536,4000.0,267.41047396718267,78017.88770542508,16913.291453752394,1219.2,137.56783271867286,15994.937508370756,CL,IMPACT trajectory
253,A320-232-DEFAULT,D,5,35,172000.00014423762,58662.10706329186,4000.0,267.41047396718267,78017.88770542508,17880.21023289136,1219.2,137.56783271867286,15994.937508370756,CL,IMPACT trajectory
254,A320-232-DEFAULT,D,5,36,172000.00014423762,61834.41277900927,4000.0,267.41047396718267,78017.88770542508,18847.129015042025,1219.2,137.56783271867286,15994.937508370756,CL,IMPACT trajectory
255,A320-232-DEFAULT,D,5,37,172000.00014423762,65006.718491776526,4000.0,267.41047396718267,78017.88770542508,19814.047796293486,1219.2,137.56783271867286,15994.937508370756,CL,IMPACT trajectory
256,A320-232-DEFAULT,D,5,38,172000.00014423762,68179.02420454378,4000.0,267.41047396718267,78017.88770542508,20780.966577544943,1219.2,137.56783271867286,15994.937508370756,CL,IMPACT trajectory
257,A320-232-DEFAULT,D,5,39,172000.00014423762,71351.32992026118,4000.0,267.41047396718267,78017.88770542508,21747.88535969561,1219.2,137.56783271867286,15994.937508370756,CL,IMPACT trajectory
258,A320-232-DEFAULT,D,5,40,172000.00014423762,74523.63562609769,4000.0,267.41047396718267,78017.88770542508,22714.804138834577,1219.2,137.56783271867286,15994.937508370756,CL,IMPACT trajectory
259,A320-232-DEFAULT,D,5,41,172000.00014423762,115400.85856319388,4000.0,267.41047396718267,78017.88770542508,35174.181690061494,1219.2,137.56783271867286,15994.937508370756,CL,IMPACT trajectory
304,A320-232-DEFAULT,A,1,1,132900.0001114487,-143600.37954251084,6000.0,275.5816965336915,60282.42602355228,-43769.395684557305,1828.8000000000002,141.7714727723324,185.07059999999956,AP,IMPACT trajectory
305,A320-232-DEFAULT,A,1,2,132900.0001114487,-113583.26703211071,4531.9182759879095,269.65799926344175,60282.42602355228,-34620.179791387345,1381.3286905211148,138.7240596210817,118.27746262612854,AP,IMPACT trajectory
306,A320-232-DEFAULT,A,1,3,132900.0001114487,-107430.54569580837,4231.0,268.42765331565505,60282.42602355228,-32744.830328082393,1289.6088,138.0911149834981,99.17896752564982,AP,IMPACT trajectory
307,A320-232-DEFAULT,A,1,4,132900.0001114487,-94073.80464542095,3577.7463793647075,265.73713059924637,60282.42602355228,-28673.695655924308,1090.497096430363,136.70699051939008,50.971747542202294,AP,IMPACT trajectory
308,A320-232-DEFAULT,A,1,5,132900.0001114487,-90470.84595122104,3401.5323011620594,265.00668858132155,60282.42602355228,-27575.513845932175,1036.7870453941957,136.33121868127986,33.52834973040102,AP,IMPACT trajectory
309,A320-232-DEFAULT,A,1,6,132900.0001114487,-88413.62578081024,3300.9174491038293,264.5887158245923,60282.42602355228,-26948.47313799096,1006.1196384868472,136.1161949186514,21.786378722386516,AP,IMPACT trajectory
310,A320-232-DEFAULT,A,1,7,132900.0001114487,-87413.61946120062,3252.0089806025094,264.38530230557996,60282.42602355228,-26643.67121177395,991.2123372876449,136.01154996387058,15.363340465975298,AP,IMPACT trajectory
311,A320-232-DEFAULT,A,1,8,132900.0001114487,-86867.39615825942,3225.2942042228806,264.27412768644643,60282.42602355228,-26477.182349037474,983.069673447134,135.9543567986941,11.58945458412849,AP,IMPACT trajectory
312,A320-232-DEFAULT,A,1,9,132900.0001114487,-83265.53213108526,3049.13366416964,263.5398542233927,60282.42602355228,-25379.334193554787,929.3759408389062,135.57661389492313,-23.31520184039737,AP,IMPACT trajectory
313,A320-232-DEFAULT,A,1,10,132900.0001114487,-82260.92135138172,3000.0,263.3346898125464,60282.42602355228,-25073.12882790115,914.4000000000001,135.47106820356552,-53.897400000000744,AP,IMPACT trajectory
314,A320-232-DEFAULT,A,1,11,132900.0001114487,-80206.37216302266,3000.0,258.3840867703323,60282.42602355228,-24446.902235289308,914.4000000000001,132.92425797184873,5.350521008138514,AP,IMPACT trajectory
315,A320-232-DEFAULT,A,1,12,132900.0001114487,-79661.30570830771,3000.0,257.05470296278065,60282.42602355228,-24280.765979892192,914.4000000000001,132.24036385751938,12.747882756618992,AP,IMPACT trajectory
316,A320-232-DEFAULT,A,1,13,132900.0001114487,-76060.8838635503,3000.0,248.09462818697688,60282.42602355228,-23183.357401610134,914.4000000000001,127.63090316730032,49.02549696437411,AP,IMPACT trajectory
317,A320-232-DEFAULT,A,1,14,132900.0001114487,-74972.87010884022,3000.0,245.3225970293682,60282.42602355228,-22851.7308091745,914.4000000000001,126.20484713844165,57.69138599999928,AP,IMPACT trajectory
318,A320-232-DEFAULT,A,1,15,132900.0001114487,-73441.15130862297,3000.0,241.3661462267513,60282.42602355228,-22384.862918868283,914.4000000000001,124.16947300331762,95.16857496529514,AP,IMPACT trajectory
319,A320-232-DEFAULT,A,1,16,132900.0001114487,-72456.65744081873,3000.0,238.78857998214215,60282.42602355228,-22084.78918796155,914.4000000000001,122.84345836859092,112.8678449446766,AP,IMPACT trajectory
320,A320-232-DEFAULT,A,1,17,132900.0001114487,-68854.79341364457,3000.0,229.1113204276107,60282.42602355228,-20986.941032478866,914.4000000000001,117.86504595331529,161.89637244486673,AP,IMPACT trajectory
321,A320-232-DEFAULT,A,1,18,132900.0001114487,-68200.97407958285,3000.0,227.31050424619005,60282.42602355228,-20787.656899456855,914.4000000000001,116.93862607331776,169.2801719999993,AP,IMPACT trajectory
322,A320-232-DEFAULT,A,1,19,132900.0001114487,-67117.97016444676,3000.0,224.29577661410764,60282.42602355228,-20457.557306123374,914.4000000000001,115.38771619147981,193.26652883243105,AP,IMPACT trajectory
323,A320-232-DEFAULT,A,1,20,132900.0001114487,-65251.35069493978,3000.0,219.0023373292514,60282.42602355228,-19888.611691817645,914.4000000000001,112.66453575938154,228.7800419577291,AP,IMPACT trajectory
324,A320-232-DEFAULT,A,1,21,132900.0001114487,-61945.233263609654,3000.0,209.29841146301183,60282.42602355228,-18880.907098748223,914.4000000000001,107.67240500819386,280.86895799999934,AP,IMPACT trajectory
325,A320-232-DEFAULT,A,1,22,132900.0001114487,-61648.38203902824,3000.0,208.32396228548365,60282.42602355228,-18790.426845495807,914.4000000000001,107.17110504242103,288.14295865189825,AP,IMPACT trajectory
326,A320-232-DEFAULT,A,1,23,132900.0001114487,-61236.81241059682,3000.0,206.9653464441021,60282.42602355228,-18664.98042274991,914.4000000000001,106.47217267068808,297.93434679126494,AP,IMPACT trajectory
327,A320-232-DEFAULT,A,1,24,132900.0001114487,-60236.81331340461,3000.0,203.62652366263265,60282.42602355228,-18360.180697925724,914.4000000000001,104.75453383977657,320.48065523246885,AP,IMPACT trajectory
328,A320-232-DEFAULT,A,1,25,132900.0001114487,-57243.410063184645,3000.0,193.28766232240903,60282.42602355228,-17447.79138725868,914.4000000000001,99.43576406141709,380.0589899999991,AP,IMPACT trajectory
329,A320-232-DEFAULT,A,1,26,132900.0001114487,-56245.34691693475,2947.693726920798,191.66850804466748,60282.42602355228,-17143.581740281712,898.4570479654592,98.6027991385345,383.79921848677793,AP,IMPACT trajectory
330,A320-232-DEFAULT,A,1,27,132900.0001114487,-49859.010165033826,2613.0,180.9653738204789,60282.42602355228,-15197.026298302311,796.4424,93.09663119875748,406.9189590599997,AP,IMPACT trajectory
331,A320-232-DEFAULT,A,1,28,132900.0001114487,-46579.01564378166,2441.102771080632,171.76311644539769,60282.42602355228,-14197.283968224652,744.0481246253767,88.36258101579902,444.78747487294174,AP,IMPACT trajectory
332,A320-232-DEFAULT,A,1,29,132900.0001114487,-45579.016546589446,2388.695039111742,168.85782260734695,60282.42602355228,-13892.484243400464,728.074247921259,86.86796874133516,455.7072458684765,AP,IMPACT trajectory
333,A320-232-DEFAULT,A,1,30,132900.0001114487,-44044.855133648845,2308.2930463977923,164.30079349786536,60282.42602355228,-13424.871844736168,703.5677205420471,84.52363043279074,471.9690854600001,AP,IMPACT trajectory
334,A320-232-DEFAULT,A,1,31,132900.0001114487,-41038.62064569786,2150.742972880191,154.98311726920446,60282.42602355228,-12508.571572808709,655.5464581338822,79.73020366182406,510.21327926386056,AP,IMPACT trajectory
335,A320-232-DEFAULT,A,1,32,132900.0001114487,-38791.95088615146,2033.0,147.6362131752518,60282.42602355228,-11823.786630098966,619.6584,75.95062966682399,537.0192118600005,AP,IMPACT trajectory
336,A320-232-DEFAULT,A,1,33,132900.0001114487,-36873.97440557627,1932.4831119359512,143.4053497837502,60282.42602355228,-11239.187398819648,589.020852518078,73.77408549986261,549.8696291663189,AP,IMPACT trajectory
337,A320-232-DEFAULT,A,1,34,132900.0001114487,-35873.97530838404,1880.0753799670608,141.1491639477377,60282.42602355228,-10934.387673995456,573.0469758139602,72.61340323089172,556.4519238070255,AP,IMPACT trajectory
338,A320-232-DEFAULT,A,1,35,132900.0001114487,-35708.58763497762,1871.4077792830412,140.7725335441527,60282.42602355228,-10883.97751114118,570.405091125471,72.41964781215856,557.5330661642508,AP,IMPACT trajectory
339,A320-232-DEFAULT,A,1,36,132900.0001114487,-34708.58763497762,1819.0,138.47345506404818,60282.42602355228,-10579.17751114118,554.4312,71.236899660727,4956.044308480426,AP,IMPACT trajectory
340,A320-232-DEFAULT,A,1,37,132900.0001114487,-30469.78018733782,1596.853514860782,138.0298546608089,60282.42602355228,-9287.189001100567,486.7209513295664,71.00869189772725,4918.2780761500335,AP,IMPACT trajectory
341,A320-232-DEFAULT,A,1,38,132900.0001114487,-29469.781090145596,1544.4457828918914,137.92499458787742,60282.42602355228,-8982.389276276379,470.74707462544853,70.9547472157636,4909.326093618028,AP,IMPACT trajectory
342,A320-232-DEFAULT,A,1,39,132900.0001114487,-19072.368905420204,999.5405,136.82995881278248,60282.42602355228,-5813.258042372078,304.65994440000003,70.3914121447981,4815.26255875569,AP,IMPACT trajectory
343,A320-232-DEFAULT,A,1,40,132900.0001114487,-18905.530627641667,990.7968763622196,136.81231627389997,60282.42602355228,-5762.40573530518,301.9948879152045,70.3823360386841,4813.7382190913995,AP,IMPACT trajectory
344,A320-232-DEFAULT,A,1,41,132900.0001114487,-12979.895977355529,680.2475234980825,136.18421986225056,60282.42602355228,-3956.2722938979655,207.33944516221555,70.05921532913557,4759.281283173344,AP,IMPACT trajectory
345,A320-232-DEFAULT,A,1,42,132900.0001114487,-12234.777141329618,641.1975,136.1050347353938,60282.42602355228,-3729.1600726772676,195.43699800000002,70.01847898054147,4752.389430114044,AP,IMPACT trajectory
346,A320-232-DEFAULT,A,1,43,132900.0001114487,-8984.779584180927,470.87234535452853,135.75911154632834,60282.42602355228,-2738.560817258347,143.5218908640603,69.84052071772224,4722.211504628583,AP,IMPACT trajectory
347,A320-232-DEFAULT,A,1,44,132900.0001114487,-8399.478207664586,440.198,135.69671954047337,60282.42602355228,-2560.160957696166,134.1723504,69.80842349693242,4716.756158366929,AP,IMPACT trajectory
348,A320-232-DEFAULT,A,1,45,132900.0001114487,-6008.562271135486,314.8954053140772,135.44155397966767,60282.42602355228,-1831.4097802420963,95.98011953973074,69.67715499176236,4694.405601778618,AP,IMPACT trajectory
349,A320-232-DEFAULT,A,1,46,132900.0001114487,-5813.6884288587535,304.6825,135.42073528090933,60282.42602355228,-1772.012233116148,92.867226,69.66644492784557,4692.579206788626,AP,IMPACT trajectory
350,A320-232-DEFAULT,A,1,47,132900.0001114487,-3887.361815117499,203.728,135.2147701367418,60282.42602355228,-1184.8678812478138,62.096294400000005,69.5604873036794,4674.4869137631085,AP,IMPACT trajectory
351,A320-232-DEFAULT,A,1,48,132900.0001114487,-3649.034401337517,191.23778950152064,135.189266071653,60282.42602355228,-1112.2256855276753,58.289278240063496,69.54736687908371,4672.243643749422,AP,IMPACT trajectory
352,A320-232-DEFAULT,A,1,49,132900.0001114487,-2360.1839591784847,123.692,135.05125922708973,60282.42602355228,-719.3840707576021,37.7013216,69.47637002460283,4660.093557065418,AP,IMPACT trajectory
353,A320-232-DEFAULT,A,1,50,132900.0001114487,-1664.8861926435643,87.25298811544641,134.97674990749056,60282.42602355228,-507.4573115177584,26.59471077758807,69.4380391190757,4653.525761507185,AP,IMPACT trajectory
354,A320-232-DEFAULT,A,1,51,132900.0001114487,-1075.9662166843118,56.389,134.91360802959227,60282.42602355228,-327.9545028453783,17.1873672,69.40555613077913,4647.955553133837,AP,IMPACT trajectory
355,A320-232-DEFAULT,A,1,52,132900.0001114487,-954.0568343864109,50.0,134.90053365270504,60282.42602355228,-290.79652312097807,15.24,69.39883009022492,4646.801657965621,AP,IMPACT trajectory
356,A320-232-DEFAULT,A,1,53,132900.0001114487,-477.02841719320537,25.0,134.86806922293454,60282.42602355228,-145.398261560489,7.62,69.38212894468744,4642.598720173129,AP,IMPACT trajectory
357,A320-232-DEFAULT,A,1,54,132900.0001114487,0.0,0.0,134.8355969766883,60282.42602355228,0.0,0.0,69.36542377800743,4638.400306337319,AP,IMPACT trajectory
358,A320-232-DEFAULT,A,1,55,132900.0001114487,311.0,0.0,131.77906824800516,60282.42602355228,94.7928,0.0,67.79300955425154,10600.0,AP,IMPACT trajectory
359,A320-232-DEFAULT,A,1,56,132900.0001114487,908.7238650212151,0.0,115.8181216087002,60282.42602355228,276.97903405846637,0.0,59.581989227586874,9335.708622551612,AP,IMPACT trajectory
360,A320-232-DEFAULT,A,1,57,132900.0001114487,1429.3851533616205,0.0,99.85717496939526,60282.42602355228,435.6765947446219,0.0,51.37096890092223,8071.417245103226,AP,IMPACT trajectory
361,A320-232-DEFAULT,A,1,58,132900.0001114487,1872.9838650212153,0.0,83.89622833009031,60282.42602355228,570.8854820584664,0.0,43.15994857425757,6807.125867654839,AP,IMPACT trajectory
362,A320-232-DEFAULT,D,1,59,130954.50010981722,2239.52,0.0,67.93528169078536,59399.962066977256,682.6056960000001,0.0,34.94892824759291,24058.674875097073,TO,IMPACT trajectory
363,A320-232-DEFAULT,D,1,60,130954.50010981722,2702.102058331162,0.0,87.28257413955828,59399.962066977256,823.6007073793382,0.0,44.90203536290609,23335.40858989386,TO,IMPACT trajectory
364,A320-232-DEFAULT,D,1,61,130954.50010981722,3280.002168393055,0.0,106.6298665883312,59399.962066977256,999.7446609262032,0.0,54.85514247821927,22612.14230469065,TO,IMPACT trajectory
365,A320-232-DEFAULT,D,1,62,130954.50010981722,3973.220330185678,0.0,125.97715903710412,59399.962066977256,1211.0375566405946,0.0,64.80824959353245,21888.87601948744,TO,IMPACT trajectory
366,A320-232-DEFAULT,D,1,63,130954.50010981722,4781.756543709032,0.0,145.32445148587703,59399.962066977256,1457.4793945225128,0.0,74.76135670884563,21165.609734284222,TO,IMPACT trajectory
367,A320-232-DEFAULT,D,1,64,130954.50010981722,4919.701952671103,34.91857657496566,145.40030522695642,59399.962066977256,1499.5251551741521,10.643182140049534,74.80037924453426,21176.762952570632,TO,IMPACT trajectory
368,A320-232-DEFAULT,D,1,65,130954.50010981722,5004.623004510226,56.41492265696088,145.4469821389515,59399.962066977256,1525.409091774717,17.19526842584168,74.82439192259395,21183.626103757582,TO,IMPACT trajectory
369,A320-232-DEFAULT,D,1,66,130954.50010981722,5270.624909337456,123.7488626023658,145.59309341099993,59399.962066977256,1606.4864723660567,37.718653321201096,74.89955805476995,21205.109474635356,TO,IMPACT trajectory
370,A320-232-DEFAULT,D,1,67,130954.50010981722,5586.951498861731,203.82165605095545,145.76665671649468,59399.962066977256,1702.9028168530558,62.124840764331225,74.98884673304116,21230.628969668363,TO,IMPACT trajectory
371,A320-232-DEFAULT,D,1,68,130954.50010981722,5957.621015628858,297.6504539981005,145.96977451251365,59399.962066977256,1815.882885563676,90.72385837862103,75.0933395547709,21260.493576987257,TO,IMPACT trajectory
372,A320-232-DEFAULT,D,1,69,130954.50010981722,5985.954356102578,304.82256596906274,145.98528886085714,59399.962066977256,1824.5188877400658,92.90991810737033,75.1013208250854,21262.77465052309,TO,IMPACT trajectory
373,A320-232-DEFAULT,D,1,70,130954.50010981722,6521.552786092543,440.400363967243,146.27825432008828,59399.962066977256,1987.7692892010073,134.23403093721566,75.25203527800097,21305.84891090964,TO,IMPACT trajectory
374,A320-232-DEFAULT,D,1,71,130954.50010981722,7133.909953665099,595.4083545049398,146.61248855339488,59399.962066977256,2174.4157538771224,181.48046645310566,75.4239802224687,21354.989861918104,TO,IMPACT trajectory
375,A320-232-DEFAULT,D,1,72,130954.50010981722,7315.963880238733,641.4922656960873,146.711709628326,59399.962066977256,2229.905790696766,195.5268425841674,75.47502395323882,21369.577685959994,TO,IMPACT trajectory
376,A320-232-DEFAULT,D,1,73,130954.50010981722,7454.299664414515,676.5096592370943,146.7870590671661,59399.962066977256,2272.070537713544,206.20014413546636,75.51378705344212,21380.655758054352,TO,IMPACT trajectory
377,A320-232-DEFAULT,D,1,74,130954.50010981722,7836.699319180822,773.3077457241134,146.9951455049562,59399.962066977256,2388.625952486315,235.70420089670978,75.62083596532747,21411.24889535136,TO,IMPACT trajectory
378,A320-232-DEFAULT,D,1,75,130954.50010981722,8291.448908628987,888.4200099238308,147.2422190594751,59399.962066977256,2527.2336273501155,270.79041902478366,75.74794158281887,21447.5734437462,TO,IMPACT trajectory
379,A320-232-DEFAULT,D,1,76,130954.50010981722,8732.244292426962,1000.0,147.4813159838934,59399.962066977256,2661.5880603317382,304.8,75.8709436672696,21482.724734284227,TO,IMPACT trajectory
380,A320-232-DEFAULT,D,1,77,130954.50010981722,8865.038390787473,1009.8833413915612,149.18485159481398,59399.962066977256,2702.063701512022,307.8124424561479,76.74731809822097,21446.91382927763,TO,IMPACT trajectory
381,A320-232-DEFAULT,D,1,78,130954.50010981722,9635.00769565257,1067.1891222580075,158.70233780833323,59399.962066977256,2936.7503456349036,325.2792444642407,81.64353600584253,21238.08430482734,TO,IMPACT trajectory
382,A320-232-DEFAULT,D,1,79,130954.50010981722,9896.552774277665,1086.6548916954182,161.80793455156842,59399.962066977256,3016.4692855998323,331.2124109887635,83.24119299708465,21166.679792881267,TO,IMPACT trajectory
383,A320-232-DEFAULT,D,1,80,130954.50010981722,10777.036664619009,1152.1858376143307,171.85083895258998,59399.962066977256,3284.840775375874,351.186243304848,88.40770937227684,20948.449830791636,TO,IMPACT trajectory
384,A320-232-DEFAULT,D,1,81,130954.50010981722,11168.72535735856,1181.337683346584,176.1345531192434,59399.962066977256,3404.2274889228893,360.07172588403887,90.61144232689966,20850.63485147831,TO,IMPACT trajectory
385,A320-232-DEFAULT,D,1,82,130954.50010981722,12548.76204166965,1284.0483749534978,190.4611716869184,59399.962066977256,3824.8626703009095,391.37794468582615,97.98169165671469,20534.58991007535,TO,IMPACT trajectory
386,A320-232-DEFAULT,D,1,83,130954.50010981722,12813.04482649335,1302.6245314582563,193.00731679575537,59399.962066977256,3905.416063115173,397.03995718847654,99.29154186270526,20481.66187446468,TO,IMPACT trajectory
387,A320-232-DEFAULT,D,1,84,130954.50010981722,13667.4740551073,1362.6814552702292,201.01847673671784,59399.962066977256,4165.846091996705,415.3453075663659,103.41283858788928,20309.6011228093,TO,IMPACT trajectory
388,A320-232-DEFAULT,D,1,85,130954.50010981722,13813.041615844946,1372.9132446472115,202.3517057967796,59399.962066977256,4210.21508450954,418.4639569684701,104.09871087100996,20280.1419075052,TO,IMPACT trajectory
389,A320-232-DEFAULT,D,1,86,130954.50010981722,13842.237526584502,1374.9653942322054,202.61805008961565,59399.962066977256,4219.113998102956,419.0894521619762,104.23573021276894,20274.228235431743,TO,IMPACT trajectory
390,A320-232-DEFAULT,D,1,87,130954.50010981722,15215.720416194576,1471.5060490880446,214.77492849231288,59399.962066977256,4637.751582856107,448.51504376203604,110.48976876882318,20013.866560788138,TO,IMPACT trajectory
391,A320-232-DEFAULT,D,1,88,130954.50010981722,16215.720416194576,1622.539769901843,215.25685762628507,59399.962066977256,4942.5515828561065,494.5501218660818,110.73769453441109,15187.709566089128,CL,IMPACT trajectory
392,A320-232-DEFAULT,D,1,89,130954.50010981722,16387.60408533997,1648.5,215.34195156830168,59399.962066977256,4994.941725211624,502.4628,110.78147064013741,15191.967742950326,CL,IMPACT trajectory
393,A320-232-DEFAULT,D,1,90,130954.50010981722,17270.43274940921,1781.8368979754518,215.77848214553745,59399.962066977256,5264.027902019928,543.1038865029177,111.00604137042649,15213.81980400464,CL,IMPACT trajectory
394,A320-232-DEFAULT,D,1,91,130954.50010981722,17904.849443204912,1877.655211785805,216.09163638683032,59399.962066977256,5457.398110288857,572.3093085523134,111.16714183011382,15229.50372967852,CL,IMPACT trajectory
395,A320-232-DEFAULT,D,1,92,130954.50010981722,20873.875468161375,2326.0782595279816,217.5511854355949,59399.962066977256,6362.357242695588,708.9886535041288,111.91799872964494,15302.689767318916,CL,IMPACT trajectory
396,A320-232-DEFAULT,D,1,93,130954.50010981722,22358.37132228464,2550.2871919088766,218.27729178900543,59399.962066977256,6814.8315790323595,777.3275360938256,112.2915401092328,15339.15142152421,CL,IMPACT trajectory
397,A320-232-DEFAULT,D,1,94,130954.50010981722,24475.74855832395,2870.0825542343305,219.3087973744139,59399.962066977256,7460.208160577141,874.801162530624,112.82219242705959,15391.008215077803,CL,IMPACT trajectory
398,A320-232-DEFAULT,D,1,95,130954.50010981722,25335.936899481476,3000.0,219.7264651795887,59399.962066977256,7722.393566961954,914.4000000000001,113.03705930905507,15412.025291333332,CL,IMPACT trajectory
399,A320-232-DEFAULT,D,1,96,130954.50010981722,27156.535955471973,3092.6600917139363,229.98410288897037,59399.962066977256,8277.312159227859,942.6427959544078,118.31404404177032,15526.360739556903,CL,IMPACT trajectory
400,A320-232-DEFAULT,D,1,97,130954.50010981722,28048.602469266894,3138.0621612751547,234.84670206322184,59399.962066977256,8549.21403263255,956.4813467566672,120.81558117252412,15582.077168455176,CL,IMPACT trajectory
401,A320-232-DEFAULT,D,1,98,130954.50010981722,28079.974981059466,3139.658877372766,235.01588032805736,59399.962066977256,8558.776374226925,956.968025823219,120.90261399098952,15583.931130962064,CL,IMPACT trajectory
402,A320-232-DEFAULT,D,1,99,130954.50010981722,30941.72807918189,3285.308905951079,249.96693894685495,59399.962066977256,9431.03871853464,1001.3621545338889,128.59410303599316,15752.129045577018,CL,IMPACT trajectory
403,A320-232-DEFAULT,D,1,100,130954.50010981722,31554.821845909173,3316.512549865574,253.05514298650388,59399.962066977256,9617.909698633117,1010.873025199027,130.18281244750145,15786.195862028806,CL,IMPACT trajectory
404,A320-232-DEFAULT,D,1,101,130954.50010981722,31680.389754748492,3322.90337705572,253.68300065357744,59399.962066977256,9656.18279724734,1012.8209493265834,130.50581033622927,15793.16403001394,CL,IMPACT trajectory
405,A320-232-DEFAULT,D,1,102,130954.50010981722,34015.313729226444,3441.740234027772,265.0871758304881,59399.962066977256,10367.86762466822,1049.042423331665,136.3726248994622,15922.18092269886,CL,IMPACT trajectory
406,A320-232-DEFAULT,D,1,103,130954.50010981722,35284.616177479606,3625.34018128581,265.8468806668358,59399.962066977256,10754.751010895785,1105.0036872559149,136.76345083193885,15952.72154589302,CL,IMPACT trajectory
407,A320-232-DEFAULT,D,1,104,130954.50010981722,38886.48020465377,4146.336612301837,267.99094753663974,59399.962066977256,11852.599166378472,1263.8033994296,137.86645412162687,16039.069172613088,CL,IMPACT trajectory
408,A320-232-DEFAULT,D,1,105,130954.50010981722,39471.79325559737,4231.0,268.33774629394696,59399.962066977256,12031.002584306078,1289.6088,138.04486281566383,16053.057035223808,CL,IMPACT trajectory
409,A320-232-DEFAULT,D,1,106,130954.50010981722,41291.039118839675,4494.1472467419935,269.4128018093778,59399.962066977256,12585.508723422334,1369.8160808069597,138.59791915304658,16096.45592699534,CL,IMPACT trajectory
410,A320-232-DEFAULT,D,1,107,130954.50010981722,42489.92999757477,4667.56241852145,270.1189291410845,59399.962066977256,12950.930663260791,1422.673025165338,138.96118243591349,16124.992133791093,CL,IMPACT trajectory
411,A320-232-DEFAULT,D,1,108,130954.50010981722,44645.880847864166,4979.412807645655,271.3841265723432,59399.962066977256,13608.064482429,1517.7250237703959,139.61205622554988,16176.18178747017,CL,IMPACT trajectory
412,A320-232-DEFAULT,D,1,109,130954.50010981722,46092.8895659565,5188.717315558089,272.2299910328352,59399.962066977256,14049.112739703543,1581.5210377821054,140.047206498003,16210.448073164263,CL,IMPACT trajectory
413,A320-232-DEFAULT,D,1,110,130954.50010981722,48177.83768364743,5490.297419630693,273.444168646488,59399.962066977256,14684.604925975736,1673.4426535034354,140.67183342591548,16259.694270551736,CL,IMPACT trajectory
414,A320-232-DEFAULT,D,1,111,130954.50010981722,48244.91563873979,5500.0,273.4831422498725,59399.962066977256,14705.050286687889,1676.4,140.69188317965666,16261.276166666668,CL,IMPACT trajectory
415,A320-232-DEFAULT,D,1,112,130954.50010981722,57477.59928774276,6735.199277914682,278.7872011950042,59399.962066977256,17519.172262903994,2052.888739908395,143.4205268369855,16463.185949269486,CL,IMPACT trajectory
416,A320-232-DEFAULT,D,1,113,130954.50010981722,63194.21785107592,7500.0,282.0213255607983,59399.962066977256,19261.59760100794,2286.0,145.08430414961066,16586.970833333336,CL,IMPACT trajectory
417,A320-232-DEFAULT,D,1,114,130954.50010981722,69348.75857035819,8251.883272462848,285.4467258894883,59399.962066977256,21137.501612245178,2515.1740214466763,146.84648231870344,16710.456002666113,CL,IMPACT trajectory
418,A320-232-DEFAULT,D,1,115,130954.50010981722,83657.96849126044,10000.0,293.2561164102142,59399.962066977256,25498.948796136185,3048.0,150.86397988658797,16994.08916666667,CL,IMPACT trajectory
